Material,PBEsol,HSE
HfPS,0.0,0.2854
HfP2S6,2.3232,5.2744143846
HfP2S8,1.6835,3.7138262854
HfP2S8,1.6223,3.5719673598
HfP2S7,1.6823000000000001,3.7110322458000002
HfP4S12,1.7621,3.8979241171
Hf2P3S,0.0,0.2854
TiPS,0.0,0.2854
TiP2S6,1.4232,3.1194540246
TiP2S8,1.04,2.2872336
TiP2S8,1.2122,2.6549075837
TiP2S7,0.8673000000000001,1.9288264318000001  
TiP4S12,1.3319,2.9165480053
Ti2P3S,0.0,0.2854
ZrPS,0.0,0.2854
ZrP2S6,2.0791,4.6621629965
ZrP2S8,1.4579,3.1973302231
ZrP2S8,1.5819,3.4790340803
ZrP2S7,1.5676,3.4462750934
ZrP4S12,1.7231,3.8063099113
Zr2P3S,0.0,0.2854
Ag2PS3,0.0,0.2854
Ag2PS3,0.0,0.2854
Ag2PS3,1.5148000000000001,3.3259335234
Ag2PS3,1.3903,3.0460033846
Ag3PS4,1.0416,2.2906024922
Ag3PS4,1.1363,2.4915810492
Ag3PS4,0.9879,2.1780194621
Ag3PS4,0.7692,1.729846989
Ag3PS4,0.9434,2.0854825777
Ag4P2S7,1.6671,3.6756843281
Ag7P3S11,1.2395,2.7141423034
Ag7PS6,0.9355,2.0691265034
Ag7PS6,0.7404000000000001,1.6720650998000002
AgPS3,1.1995,2.6274396434
AgPS3,0.6149,1.4236322587
AgPS3,1.5381,3.3789195443
AlPS4,2.3862,5.4357876813
Al2P4S13,2.3064,5.2316141066
AlPS3,0.0,0.2854
AlP2S7,0.0,0.2854
Al2P3S9,2.1558,4.8523141965
AlPS,0.6453,1.4833088176
AlPS4,2.3577,5.3626148818
AlPS4,2.362,5.373636934
Al5P3S3,1.4678,3.2196251117
AlPS,0.0,0.2854
AlPS,1.3721,3.0055324741
AlPS,1.1727,2.5696594678
AlPS4,2.1294,4.7866341065
AlPS4,2.0838,4.6737563133
AlPS4,2.61,6.02018335
Al2PS,0.0,0.2854
AuPS4,0.5501,1.2974972767000001
Au2P4S13,0.9247000000000001,2.0468013406
AuPS3,0.0,0.2854
AuP2S7,0.0,0.2854
Au2P3S9,0.012400000000000001,0.3070572374
AuPS,0.3136,0.8495066906000001
AuPS4,0.7443000000000001,1.6798728820000002
AuPS4,0.9532,2.1058024866
Au5P3S3,0.0,0.2854
AuPS,0.0,0.2854
AuPS,0.0,0.2854
AuPS,0.2374,0.7092988049000001
AuPS4,0.0,0.2854
AuPS4,0.0,0.2854
AuPS4,0.1432,0.5387559126
Au2PS,0.0,0.2854
BPS4,2.1459,4.8276558215000005
B2P4S13,1.8967,4.2181646794
BPS3,1.3728,3.0070869222
BP2S7,0.21,0.65937535
B2P3S9,1.3627,2.9846749288
BPS,1.0884,2.3895355862
BPS4,2.4761,5.6684496949
BPS4,1.6233,3.5742748714
B5P3S3,0.39490000000000003,1.0013201927
BPS,0.0,0.2854
BPS,0.0635,0.39686899540000004
BPS,0.9085000000000001,2.0133894854
BPS4,2.2156000000000002,5.001983903
BPS4,1.576,3.465509536
BPS4,1.7752,3.9288155094
B2PS,0.0,0.2854
BaPS3,2.5148,5.7694691234
BaPS3,3.0574,7.2405536009
BaPS3,2.3181,5.2614110903
BaPS3,3.0544000000000002,7.232139209
BaPS3,1.8932,4.2097578626
Ba2P3S9,1.4488,3.1768669398
Ba2P2S7,2.6359,6.0889365485
Ba3P2S8,1.734,3.8318617660000003
Ba3P2S8,2.0182,4.5126363501
Ba3P2S8,2.5552,5.8754805414
Ba3P2S8,2.5522,5.8675889397
Ba3P2S8,2.1503,4.8386109006
BaP2S6,2.1212,4.7662826978
BaP2S6,1.4168,3.1051363286
BaPS,0.0,0.2854
BaPS,1.3504,2.9574289178
Ba4P2S,1.1031,2.4207675773
Ba4P2S,1.1076,2.4303433814
BiP3S9,0.0,0.2854
BiPS4,1.8587,4.1271181272
Bi2P4S13,2.1062,4.7291148893
BiPS3,0.5750000000000001,1.3457934375
BiP2S7,0.0,0.2854
Bi2P3S9,1.5487000000000002,3.4030871182
BiPS,0.0,0.2854
BiPS4,1.6773,3.6993957928
BiPS4,1.8194,4.0334838985
Bi5P3S3,0.1119,0.4827708593
BiPS,0.0,0.2854
BiPS,0.2039,0.6482964589
BiPS,0.3572,0.9306368642
BiPS4,0.9439000000000001,2.0865185009
BiPS4,1.2758,2.7933055085
Bi2PS,0.0,0.2854
BiPS,0.0,0.2854
BiPS,0.0,0.2854
BiP2S8,0.5047,1.2099929625999999
BiP2S8,1.4060000000000001,3.081007446
Bi2PS10,1.023,2.2514939815
BiPS,0.0,0.2854
BiPS4,0.8681000000000001,1.9304628253
CaPS3,2.489,5.7020650935
CaPS3,2.9774000000000003,7.0172385769
CaPS3,2.4652,5.6400909954
CaPS3,2.9794,7.0227943865
CaPS3,2.8094,6.5555057305
Ca2P3S9,1.6033,3.5281905694
Ca2P2S7,2.2293,5.036447488
Ca3P2S8,1.8705,4.1553368384
Ca3P2S8,2.3731,5.4021188663
Ca3P2S8,2.4712,5.6556961878
Ca3P2S8,2.4715,5.6564767754
Ca3P2S8,2.4274,5.5420655369
CaP2S6,1.1082,2.4316206861
CaP2S6,1.0993,2.412686815
CaPS,0.0,0.2854
CaPS,1.4042,3.0769899005
Ca4P2S,1.6646,3.6698782033
Ca4P2S,1.6653,3.6715036996
CdPS3,1.7448000000000001,3.8572198614
CdPS3,2.2098,4.9874131029
CdPS3,1.7437,3.8546352412
CdPS3,2.2018,4.9673346021
CdPS3,1.8121,4.0161503021
Cd2P3S9,1.6181,3.5622796003
Cd2P2S7,2.3959,5.4607563965
Cd3P2S8,0.1731,0.5925543263
Cd3P2S8,1.671,3.6847462135
Cd3P2S8,1.5905,3.4987694584
Cd3P2S8,1.5888,3.4948662437999998
Cd3P2S8,2.1244,4.774221935
CdP2S6,0.0,0.2854
CdP2S6,0.0,0.2854
CdPS,0.0,0.2854
CdPS,0.2536,0.7389381386
Cd4P2S,0.0,0.2854
Cd4P2S,0.0,0.2854
CoPS3,0.0,0.2854
CoPS3,0.0,0.2854
CoPS3,0.0,0.2854
CoPS3,0.0,0.2854
CoPS3,0.268,0.765360664
Co2P3S9,0.0,0.2854
Co2P2S7,0.0,0.2854
Co3P2S8,0.0,0.2854
Co3P2S8,0.0,0.2854
Co3P2S8,0.0,0.2854
Co3P2S8,0.0,0.2854
Co3P2S8,0.0,0.2854
CoP2S6,0.0,0.2854
CoP2S6,0.0,0.2854
CoPS,1.0601,2.3296198237
CoPS,0.0,0.2854
Co4P2S,0.0,0.2854
Co4P2S,0.0,0.2854
CoPS4,0.6303000000000001,1.4538230686
Co2P4S13,0.6969000000000001,1.5853360373
CoPS3,0.0,0.2854
CoP2S7,0.0,0.2854
Co2P3S9,0.5451,1.2878251907
CoPS,0.16060000000000002,0.5700256145
CoPS4,0.3241,0.8689846205
CoPS4,0.0,0.2854
Co5P3S3,0.0,0.2854
CoPS,0.0,0.2854
CoPS,1.06,2.3294086
CoPS,0.9637,2.1276107992
CoPS4,0.0,0.2854
CoPS4,0.4939,1.1892822659
CoPS4,0.12840000000000001,0.5122413782
Co2PS,0.0,0.2854
CrPS4,0.8817,1.9583154934
Cr2P4S13,0.8772000000000001,1.9490924322
CrPS3,0.0,0.2854
CrP2S7,0.0,0.2854
Cr2P3S9,0.36360000000000003,0.9426014006000001
CrPS,0.0,0.2854
CrPS4,0.5186000000000001,1.2367079641
CrPS4,0.9500000000000001,2.09916375
Cr5P3S3,0.0,0.2854
CrPS,0.0,0.2854
CrPS,0.7345,1.6602633584
CrPS,0.3991,1.0092252605
CrPS4,0.0,0.2854
CrPS4,0.5053,1.2111447436
CrPS4,0.5363,1.2708233892
Cr2PS,0.0,0.2854
Cs2PS3,0.08320000000000001,0.43173508860000004
Cs2PS3,0.2005,0.6421269434
Cs2PS3,2.914,6.841838806
Cs3PS4,2.2523,5.0944525128
Cs3PS4,2.8263,6.6015108082000005
Cs3PS4,2.2318,5.0427434901
Cs3PS4,2.9058,6.8192548965
Cs3PS4,2.2623,5.1197293437999996
Cs4P2S7,2.5525,5.8683779594
Cs7PS6,2.0752,4.6525488294
CsPS3,1.8077,4.0057115868
CsPS3,1.8143,4.021372179
CsPS3,1.94,4.3225206
Cu2PS3,0.0,0.2854
Cu2PS3,0.0,0.2854
Cu2PS3,1.4235,3.1201255154
Cu2PS3,0.7465,1.6842796004
Cu2PS3,1.2765,2.7948365654
Cu3PS4,1.0783,2.3681203294
Cu3PS4,0.5322,1.2629112717
Cu3PS4,0.9839,2.1696734329
Cu3PS4,0.6622,1.5166229637000002
Cu3PS4,0.6910000000000001,1.5736233535
Cu3PS4,0.8621000000000001,1.9181952871
Cu4P2S7,1.3106,2.8696267945000002
Cu7P3S11,0.8707,1.935782638
Cu7PS6,0.8127000000000001,1.8176673838
Cu7PS6,0.6956,1.582754239
CuPS3,0.5775,1.3506543344
CuPS3,0.3865,0.9855284204
CuPS3,1.1759,2.5765454905
Cu8P2S,0.0,0.2854
Cu8P2S,0.0,0.2854
FePS3,0.0,0.2854
FePS3,0.0,0.2854
FePS3,0.0,0.2854
FePS3,0.22540000000000002,0.6874024553
FePS3,0.0,0.2854
Fe2P3S9,0.0,0.2854
Fe2P2S7,0.15480000000000002,0.5595907074
Fe3P2S8,0.0,0.2854
Fe3P2S8,0.1015,0.4642440404
Fe3P2S8,0.0,0.2854
Fe3P2S8,0.0,0.2854
Fe3P2S8,0.0,0.2854
FeP2S6,0.0,0.2854
FeP2S6,0.0,0.2854
FePS,0.0,0.2854
FePS,0.0,0.2854
Fe4P2S,0.0,0.2854
Fe4P2S,0.0,0.2854
FePS4,0.0,0.2854
Fe2P4S13,0.0,0.2854
FePS3,0.0,0.2854
FeP2S7,0.0,0.2854
Fe2P3S9,0.0,0.2854
FePS,0.5982000000000001,1.3909858821
FePS4,0.0,0.2854
FePS4,0.0945,0.45179519840000004
Fe5P3S3,0.0,0.2854
FePS,0.0,0.2854
FePS,0.0,0.2854
FePS,0.707,1.6054146015000001
FePS4,0.23900000000000002,0.7122220935
FePS4,0.0,0.2854
FePS4,0.0,0.2854
Fe2PS,0.0,0.2854
GaPS4,2.2857,5.179012729
Ga2P4S13,1.8504,4.1072983178
GaPS3,0.0,0.2854
GaP2S7,0.0,0.2854
Ga2P3S9,1.336,2.925597856
GaPS,0.0,0.2854
GaPS4,2.0787,4.6611766852
GaPS4,2.0582,4.6107025661000005
Ga5P3S3,1.2936,2.8322909066
GaPS,0.0,0.2854
GaPS,0.3635,0.9424143454
GaPS,0.1193,0.49597625700000003
GaPS4,2.2713,5.1425081602
GaPS4,1.4955,3.2821864634
GaPS4,2.5314,5.8129597241
Ga2PS,0.0,0.2854
GePS3,1.3479,2.9518975301
GePS3,2.0765,4.6557529654
GePS3,1.1255,2.4685033684
GePS3,2.0462,4.5812244053
GePS3,1.3212000000000002,2.8929575778
Ge2P3S9,0.6126,1.4191303049
Ge2P2S7,0.7889,1.7695371769000001
Ge3P2S8,0.9524,2.1041424694
Ge3P2S8,1.7472,3.8628604902
Ge3P2S8,1.79,3.96378735
Ge3P2S8,1.7873999999999999,3.9576381448999998
Ge3P2S8,0.15410000000000001,0.5583321115000001
GeP2S6,0.788,1.7677209839999999
GeP2S6,0.895,1.9856158375000001
GePS,0.0,0.2854
GePS,0.2285,0.6930542254000001
Ge4P2S,0.0,0.2854
Ge4P2S,0.0,0.2854
GePS,0.0,0.2854
GeP2S6,1.1319,2.4821741453
GeP2S8,0.19540000000000002,0.6328801913000001
GeP2S8,0.848,1.889415744
GeP2S7,1.0723,2.3554151548
GeP4S12,1.0756000000000001,2.362401455
Ge2P3S,0.0,0.2854
K2PS3,0.2615,0.7534249204
K2PS3,0.2776,0.7830156554000001
K2PS3,3.0121,7.1138287421
K2PS3,2.9188,6.8550694818
K3PS4,2.7819000000000003,6.4808572403
K3PS4,2.672,6.185154624
K3PS4,2.5769,5.9326561213
K3PS4,2.8224,6.5908854554000005
K3PS4,2.5774,5.9339754569
K3PS4,2.7414,6.3713981921
K4P2S7,2.6754,6.1942400153
K7P3S11,2.6153,6.0342335946
K7PS6,1.7354,3.8351466433
K7PS6,1.6902,3.7294355229000002
KPS3,1.6454,3.6253594513
KPS3,1.5501,3.4062819767
KPS3,1.8744,4.164673985
HgPS3,1.5666,3.4439869097
HgPS3,1.6971,3.7455269891
HgPS3,0.5787,1.3529883352
HgPS3,1.6945000000000001,3.7394615984
HgPS3,1.7032,3.7597665366
Hg2P3S9,1.5892,3.495784557
Hg2P2S7,1.8571,4.1232955811
Hg3P2S8,1.0855,2.3833830284
Hg3P2S8,1.5047000000000001,3.3030238626
Hg3P2S8,1.5333,3.3679885624
Hg3P2S8,1.5221,3.3425140291
Hg3P2S8,1.1893,2.6054193039999998
HgP2S6,0.0,0.2854
HgP2S6,0.0,0.2854
HgPS,0.0,0.2854
HgPS,0.9581000000000001,2.1159749383
Hg4P2S,0.0,0.2854
Hg4P2S,0.0,0.2854
InPS4,1.9546999999999999,4.3580965176
In2P4S13,1.9472,4.3399361702
InPS3,0.0,0.2854
InP2S7,0.0,0.2854
In2P3S9,1.4675,3.2189490094
InPS,0.39330000000000004,0.9983103484
InPS4,1.6951,3.7408610957
InPS4,1.2845,2.8123464334
In5P3S3,0.5731,1.3421006063
InPS,0.0,0.2854
InPS,0.5003000000000001,1.2015503856
InPS,0.4909,1.1835364775000001
InPS4,2.1310000000000002,4.7906078335
InPS4,1.3605,2.9797978034
InPS4,1.0806,2.3729939585
In2PS,0.0,0.2854
IrPS4,1.5476,3.4005773494
Ir2P4S13,1.2704,2.7815002138000002
IrPS3,0.0,0.2854
IrP2S7,0.0,0.2854
Ir2P3S9,1.1841,2.5942071425
IrPS,1.3649,2.9895537337
IrPS4,1.1339000000000001,2.4864491779
IrPS4,1.4873,3.2636387538
Ir5P3S3,0.0,0.2854
IrPS,0.0,0.2854
IrPS,1.6599,3.6589685597
IrPS,1.5693000000000001,3.450165802
IrPS4,0.0,0.2854
IrPS4,1.3559,2.9696056045
IrPS4,0.7848,1.7612656854000002
Ir2PS,0.0,0.2854
IrPS,0.0,0.2854
IrP2S6,0.0,0.2854
IrP2S7,0.0,0.2854
IrP4S12,0.0,0.2854
Ir2P3S,0.0,0.2854
IrPS,1.366,2.991993766
IrPS,0.0,0.2854
IrP2S8,0.1905,0.6240045584
IrP2S8,0.7114,1.6141727681
Ir2PS10,0.8717,1.9378293443999999
IrPS,0.0,0.2854
LaPS4,2.0989,4.7110547999
La2P4S13,2.3193,5.264469877
LaPS3,0.0,0.2854
LaP2S7,0.0,0.2854
La2P3S9,1.9725000000000001,4.4012752094
LaPS,0.42810000000000004,1.0639749173
LaPS4,2.0283,4.5373456744
LaPS4,2.0937,4.6982013562
La5P3S3,0.149,0.5491674735000001
LaPS,0.23950000000000002,0.7131358034
LaPS,1.1193,2.4552733570000003
LaPS,0.5792,1.353960983
LaPS4,1.7507000000000001,3.8710899899999998
LaPS4,1.2836,2.8103754646
LaPS4,2.4165,5.5138910354
La2PS,0.0,0.2854
Li2PS3,0.0,0.2854
Li2PS3,0.0,0.2854
Li2PS3,3.0598,7.2472873629
Li2PS3,2.4531,5.6086585223
Li2PS3,2.6428000000000003,6.1072923042
Li3PS4,2.7053000000000003,6.2743107636
Li3PS4,1.8944,4.212639721
Li3PS4,2.8191,6.5818988945
Li3PS4,2.1218,4.7677710341
Li3PS4,2.7512,6.3978323798
Li4P2S7,2.4445,5.5863489734
Li7P3S11,2.4767,5.6700119214
Li7PS6,1.9903,4.4445638446
Li7PS6,1.974,4.404918886
LiPS3,1.7281,3.8180258273
LiPS3,1.3215,2.8936184504
LiPS3,1.8049,3.9990722657
MgPS3,2.6743,6.191300185
MgPS3,2.8144,6.569106377
MgPS3,2.6897,6.2324960166
MgPS3,2.5419,5.8405182083
MgPS3,2.7737,6.4586492082
Mg2P3S9,1.6275,3.5839702094
Mg2P2S7,2.5939,5.9775621959
Mg3P2S8,1.1108,2.437157117
Mg3P2S8,2.375,5.4069984375
Mg3P2S8,2.0636,4.6239840406
Mg3P2S8,2.0537,4.5996424002000005
Mg3P2S8,2.1736,4.8967350026
MgP2S6,0.0,0.2854
MgP2S6,0.4097,1.0292033646
MgPS,0.0,0.2854
MgPS,1.1738,2.5720261373
Mg4P2S,1.3481,2.9523399613
MnPS3,0.0,0.2854
MnPS3,0.0,0.2854
MnPS3,0.0,0.2854
MnPS3,0.4575,1.1197776344
MnPS3,0.0,0.2854
Mn2P3S9,0.7783,1.7481642994
Mn2P2S7,0.7667,1.7248197924
Mn3P2S8,0.0,0.2854
Mn3P2S8,0.0,0.2854
Mn3P2S8,0.6729,1.5377665901
Mn3P2S8,0.6741,1.5401403155
Mn3P2S8,0.0,0.2854
MnP2S6,0.7353000000000001,1.6618628866
MnP2S6,0.7938000000000001,1.7794302693000001
MnPS,0.0,0.2854
MnPS,0.0,0.2854
Mn4P2S,0.0,0.2854
Mn4P2S,0.0,0.2854
MnPS,0.0,0.2854
MnP2S6,1.0267,2.2592640664
MnP2S8,0.2817,0.7905655534
MnP2S8,0.4338,1.0747703733
MnP2S7,0.8134,1.8190859537000001
MnP4S12,0.0,0.2854
Mn2P3S,0.0,0.2854
MoPS,0.0,0.2854
MoP2S6,0.0,0.2854
MoP2S8,0.0,0.2854
MoP2S8,0.0,0.2854
MoP2S7,0.4335,1.0742019104
MoP4S12,0.4405,1.0874741834
Mo2P3S,0.0,0.2854
Na2PS3,0.0,0.2854
Na2PS3,0.0,0.2854
Na2PS3,2.8742,6.7324424285
Na2PS3,3.0213,7.1395077352
Na2PS3,2.9312,6.8892857318
Na3PS4,2.8384,6.6345102362
Na3PS4,2.1123,4.7442203788
Na3PS4,2.7956000000000003,6.518012959
Na3PS4,2.7807,6.477605827
Na3PS4,2.8779,6.7425892691
Na3PS4,2.5586,5.8844281321
Na4P2S7,2.7142,6.2982044445
Na7P3S11,2.665,6.1664620375
Na7PS6,1.8584,4.1264013322
Na7PS6,1.8267,4.0508359864
NaPS3,1.9182000000000001,4.2698998101
NaPS3,1.4017,3.0714118414
NaPS3,1.7765,3.9318843154
NbPS,0.0,0.2854
NbPS,0.0,0.2854
NbPS6,0.3951,1.0016964857
NbP2S8,1.4108,3.091726397
NbP2S8,1.1843,2.594638206
Nb2PS10,1.3901,3.0455580247
NbPS,0.0,0.2854
NiPS3,0.31370000000000003,0.8496920142000001
NiPS3,0.4451,1.0962052207
NiPS3,0.0,0.2854
NiPS3,0.0,0.2854
NiPS3,0.5098,1.2197870829
Ni2P3S9,0.0,0.2854
Ni2P2S7,0.0,0.2854
Ni3P2S8,0.0,0.2854
Ni3P2S8,0.0636,0.3970456406
Ni3P2S8,0.0,0.2854
Ni3P2S8,0.0,0.2854
Ni3P2S8,0.0,0.2854
NiP2S6,0.3336,0.8866404746000001
NiP2S6,0.48410000000000003,1.1705242525
NiPS,0.0,0.2854
NiPS,0.3287,0.8775298602
Ni4P2S,0.0,0.2854
Ni4P2S,0.0,0.2854
OsPS,0.0,0.2854
OsP2S6,0.0,0.2854
OsP2S7,0.0,0.2854
OsP4S12,0.29,0.80586735
Os2P3S,0.0,0.2854
OsPS,0.9518000000000001,2.1028976021
OsPS,0.0,0.2854
OsPS6,0.0,0.2854
OsP2S8,0.0246,0.3284172353
OsP2S8,0.1203,0.4977622276
Os2PS10,0.637,1.4669837215000001
OsPS,0.0,0.2854
PbPS3,1.9917,4.4479732324
PbPS3,2.1464,4.8289003786
PbPS3,1.3225,2.8958215844
PbPS3,2.1467,4.8296471544
PbPS3,2.0295,4.5402837884
Pb2P3S9,0.645,1.4827183375000001
Pb2P2S7,1.6442,3.6225812765
Pb3P2S8,1.5479,3.4012617901
Pb3P2S8,1.7111,3.7782271069
Pb3P2S8,2.0788,4.6614232578
Pb3P2S8,2.0782,4.6599438741
Pb3P2S8,1.1768,2.5784828246
PbP2S6,0.1842,0.6126052725000001
PbP2S6,0.3214,0.8639723561
PbPS,0.0,0.2854
PbPS,0.3326,0.8847804889
Pb4P2S,0.0,0.2854
Pb4P2S,0.0,0.2854
PbPS,0.0,0.2854
PbP2S6,0.7013,1.5940787832
PbP2S8,0.3498,0.9168205869
PbP2S8,0.2984,0.8213778442
PbP2S7,0.39830000000000004,1.0077190614
PbP4S12,0.0902,0.44415648290000004
Pb2P3S,0.0,0.2854
PdPS3,0.0,0.2854
PdPS3,0.0,0.2854
PdPS3,0.0128,0.3077567462
PdPS3,0.2238,0.6844867173
PdPS3,0.1258,0.5075912685
Pd2P3S9,0.0,0.2854
Pd2P2S7,0.1617,0.5720059654
Pd3P2S8,0.0,0.2854
Pd3P2S8,0.1952,0.6325177574
Pd3P2S8,0.319,0.8595191335
Pd3P2S8,0.3176,0.8569223434000001
Pd3P2S8,0.0,0.2854
PdP2S6,0.6950000000000001,1.5815628375
PdP2S6,0.8739,1.9423333199
PdPS,0.0,0.2854
PdPS,0.9407000000000001,2.079890091
Pd4P2S,0.0,0.2854
Pd4P2S,0.0,0.2854
PdPS,0.0,0.2854
PdP2S6,1.2085,2.6468993354
PdP2S8,0.7981,1.7881188263
PdP2S8,0.8289000000000001,1.8505407089
PdP2S7,1.0219,2.2491848723
PdP4S12,0.0,0.2854
Pd2P3S,0.0,0.2854
PtPS3,0.0,0.2854
PtPS3,0.0391,0.3538712885
PtPS3,0.0,0.2854
PtPS3,0.7921,1.7759970281
PtPS3,0.1216,0.5000845082
Pt2P3S9,0.0,0.2854
Pt2P2S7,0.40900000000000003,1.0278828535
Pt3P2S8,0.0,0.2854
Pt3P2S8,0.0356,0.347720527
Pt3P2S8,0.2605,0.7515899534
Pt3P2S8,0.26080000000000003,0.7521404070000001
Pt3P2S8,0.0,0.2854
PtP2S6,1.1746,2.5737476153000003
PtP2S6,1.383,3.0297567415
PtPS,0.0,0.2854
PtPS,1.5349,3.3716313347
Pt4P2S,0.0,0.2854
Pt4P2S,0.0,0.2854
PtPS,0.0,0.2854
PtP2S6,1.6727,3.6886979178
PtP2S7,1.456,3.193055296
PtP4S12,0.020900000000000002,0.3219337465
Pt2P3S,0.0,0.2854
PtPS,0.0,0.2854
PtPS,0.33380000000000004,0.8870125133000001
PtP2S8,1.0915,2.3961156854
PtP2S8,1.0695000000000001,2.3494903484
Pt2PS10,0.8642000000000001,1.9224875045
PtPS,0.0,0.2854
Rb2PS3,0.22340000000000002,0.6837579217
Rb2PS3,0.31170000000000003,0.8459862004
Rb2PS3,2.8998,6.8027448669
Rb2PS3,2.8431,6.6473418953
Rb3PS4,2.6653000000000002,6.1672627996
Rb3PS4,2.7811,6.4786895759
Rb3PS4,2.3151,5.2537663097
Rb3PS4,2.805,6.5435443375
Rb3PS4,2.3785,5.4159904004
Rb4P2S7,2.5831,5.9490220133000005
Rb7P3S11,2.5417,5.8399929274
Rb7PS6,1.7524000000000002,3.8750887094
Rb7PS6,1.6102,3.5440739709
RbPS3,1.6627,3.6654669988
RbPS3,1.6680000000000001,3.677775064
RbPS3,1.9557,4.360519372
RePS,0.0,0.2854
ReP2S6,0.31770000000000004,0.8571078058
ReP2S8,0.0,0.2854
ReP2S8,0.1144,0.487230017
ReP2S7,0.0,0.2854
ReP4S12,0.0,0.2854
Re2P3S,0.0,0.2854
RhPS4,1.1881,2.6028310492999998
Rh2P4S13,1.092,2.397177304
RhPS3,0.0,0.2854
RhP2S7,0.0,0.2854
Rh2P3S9,1.0018,2.2070650821
RhPS,0.5854,1.3660290233
RhPS4,0.9618000000000001,2.1236616981
RhPS4,1.0544,2.317585609
Rh5P3S3,0.0,0.2854
RhPS,0.0,0.2854
RhPS,1.4803,3.2478238036000002
RhPS,1.21,2.65014535
RhPS4,0.0,0.2854
RhPS4,0.9823000000000001,2.1663365758
RhPS4,0.5396000000000001,1.2771959158000001
Rh2PS,0.0,0.2854
RuPS4,0.19920000000000002,0.639769071
Ru2P4S13,0.28450000000000003,0.7957249334000001
RuP2S7,0.0,0.2854
Ru2P3S9,0.0,0.2854
RuPS,0.6396000000000001,1.4720950358
RuPS4,0.0,0.2854
RuPS4,0.0,0.2854
Ru5P3S3,0.0,0.2854
RuPS,0.0,0.2854
RuPS,0.0,0.2854
RuPS,0.7616,1.7145710362000002
RuPS4,0.0,0.2854
RuPS4,0.6039,1.4021177789000001
RuPS4,0.0,0.2854
Ru2PS,0.0,0.2854
SbP3S9,0.9663,2.1330168622
SbPS4,1.7527,3.8757944698
Sb2P4S13,2.0079,4.4874741881
SbPS3,0.0511,0.3749918849
SbP2S7,0.0,0.2854
Sb2P3S9,1.2086999999999999,2.6473320922
SbPS,0.040100000000000004,0.3556294297
SbPS4,1.7908,3.965679885
SbPS4,1.6129,3.5502937121
Sb5P3S3,0.0,0.2854
SbPS,0.059500000000000004,0.38980603340000003
SbPS,0.0,0.2854
SbPS,0.4106,1.0309014145
SbPS4,0.756,1.703327896
SbPS4,1.4247,3.1228117906
Sb2PS,0.0,0.2854
SbPS,0.053200000000000004,0.37869312660000004
SbPS,0.0,0.2854
SbPS6,0.5481,1.2936274013
SbP2S8,0.5357000000000001,1.2696651540000001
SbP2S8,1.2838,2.8108134333
Sb2PS10,1.3275000000000001,2.9068424594
SbPS,0.0,0.2854
SbPS4,0.4299,1.0673827907
ScPS4,1.7776,3.9344814554000003
Sc2P4S13,2.1487,4.8346264582
ScP2S7,0.1527,0.5558154298
Sc2P3S9,1.3105,2.8694068784
ScPS,0.12510000000000002,0.5063397167
ScPS4,1.465,3.2133160375
ScPS4,1.6797,3.7049802076000002
Sc5P3S3,1.4475,3.1739459594
ScPS,0.5329,1.2642617081
ScPS,1.1835,2.5929140353999998
ScPS,0.38780000000000003,0.9879707837
ScPS4,1.4123,3.0950777088
ScPS4,1.3714,3.0039781961
ScPS4,1.4434,3.1647374777
Sc2PS,0.0,0.2854
SrPS3,2.7435,6.3770598554
SrPS3,3.0204,7.1369943638
SrPS3,2.6063,6.0103804662
SrPS3,3.0129,7.1160605321
SrPS3,3.0157,7.1238735460000004
Sr2P3S9,1.6501000000000001,3.6362454467000003
Sr2P2S7,2.457,5.6187841015
Sr3P2S8,1.3302,2.9127973389
Sr3P2S8,2.1517,4.8420980164
Sr3P2S8,2.5175,5.7765363844
Sr3P2S8,2.512,5.762142784
Sr3P2S8,2.291,5.1924665535
SrP2S6,1.8591000000000002,4.1280739025
SrP2S6,1.3296999999999999,2.9116943926000003
SrPS,0.0,0.2854
SrPS,1.4175,3.1067016344
Sr4P2S,1.5674000000000001,3.4458174289
Sr4P2S,1.5711,3.4542864689
SnPS3,1.2477,2.7319849228
SnPS3,1.6796,3.7047474838000003
SnPS3,1.2296,2.6926316938
SnPS3,1.5893000000000002,3.496014144
SnPS3,1.5203,3.3384239676
Sn2P3S9,0.4793,1.161348813
Sn2P2S7,1.3385,2.9311189204
Sn3P2S8,1.4348,3.1454410754
Sn3P2S8,1.3604,2.9795761558000002
Sn3P2S8,1.7496,3.8685031178
Sn3P2S8,1.7468,3.8619202466
Sn3P2S8,0.2886,0.8032846481
SnP2S6,1.115,2.4461055375000003
SnP2S6,1.2072,2.6440867542
SnPS,0.0,0.2854
SnPS,0.1655,0.5788504084
Sn4P2S,0.0,0.2854
Sn4P2S,0.0,0.2854
SnPS,0.0,0.2854
SnP2S6,1.6018,3.5247398421
SnP2S8,0.9208000000000001,2.038749423
SnP2S8,0.9676,2.1357207734
SnP2S7,1.3443,2.943936142
SnP4S12,0.8953000000000001,1.9862323426000001
Sn2P3S,0.0,0.2854
TaPS,0.0,0.2854
TaPS,0.0,0.2854
TaPS6,0.6366,1.4661975737000001
TaP2S8,1.1583,2.5387163374
TaP2S8,0.917,2.0309090415
Ta2PS10,1.2124,2.6553405974
TaPS,0.0,0.2854
TcPS,0.0,0.2854
TcP2S6,0.41100000000000003,1.0316561935
TcP2S8,0.0675,0.4039375094
TcP2S8,0.07060000000000001,0.4094194265
TcP2S7,0.0,0.2854
TcP4S12,0.0,0.2854
Tc2P3S,0.0,0.2854
Tl2PS3,0.0,0.2854
Tl2PS3,0.0,0.2854
Tl2PS3,1.7692999999999999,3.914895222
Tl2PS3,2.0519,4.5952203013
Tl2PS3,1.2288000000000001,2.6908949478
Tl3PS4,1.0085,2.2210894354
Tl3PS4,1.6902,3.7294355229000002
Tl3PS4,0.1153,0.4888358446
Tl3PS4,1.7279,3.8175570241
Tl3PS4,1.2947,2.8347037236
Tl3PS4,0.9979,2.1989088251
Tl4P2S7,1.6194000000000002,3.5652775385
Tl7P3S11,1.5063,3.3066507562
Tl7PS6,0.6945,1.5805700984
Tl7PS6,0.9168000000000001,2.0304965286
TlPS3,1.5295,3.3593405384
TlPS3,1.5312000000000001,3.3632087718
TlPS3,1.1703999999999999,2.5647123338
TlPS4,0.5815,1.3584362804
Tl2P4S13,0.9772000000000001,2.1557062721999998
TlPS3,0.0,0.2854
TlP2S7,0.0,0.2854
Tl2P3S9,0.6926,1.5767984809
TlPS,0.0,0.2854
TlPS4,0.4858,1.1737758045
TlPS4,0.36150000000000004,0.9386739704
Tl5P3S3,0.0,0.2854
TlPS,0.0,0.2854
TlPS,0.0,0.2854
TlPS,0.0,0.2854
TlPS4,1.0057,2.215226617
TlPS4,0.07740000000000001,0.42145595690000004
TlPS4,0.1904,0.6238235098
Tl2PS,0.0,0.2854
WPS,0.0,0.2854
WP2S6,0.0,0.2854
WP2S8,0.19690000000000002,0.6355988873
WP2S8,0.0,0.2854
WP2S7,0.5431,1.2839587853
WP4S12,0.4511,1.1076045649
W2P3S,0.0,0.2854
YPS4,2.0788,4.6614232578
Y2P4S13,1.9784000000000002,4.4156115082
YPS3,0.0,0.2854
YP2S7,0.0,0.2854
Y2P3S9,1.7829000000000002,3.9470008331
YPS,0.37970000000000004,0.9727625376000001
YPS4,2.0005,4.4694192434
YPS4,2.0828,4.6712890082000005
Y5P3S3,1.5993,3.518990365
YPS,0.0143,0.31038039900000003
YPS,1.4157,3.102676906
YPS,0.6589,1.5101100479
YPS4,1.4037,3.0758741152
YPS4,1.5934,3.5054301977
YPS4,2.0938,4.6984484493
Y2PS,0.0,0.2854
ZnPS3,1.9922,4.4491910357
ZnPS3,2.6429,6.1075584511
ZnPS3,2.0127,4.4991956638
ZnPS3,2.6946,6.2456210393
ZnPS3,2.0531,4.5981682423
Zn2P3S9,1.7149999999999999,3.7873485375
Zn2P2S7,2.4358,5.5638061245
Zn3P2S8,0.0,0.2854
Zn3P2S8,2.1302,4.7886208589
Zn3P2S8,1.9126,4.2564091649
Zn3P2S8,1.9177,4.2686948458
Zn3P2S8,2.2326,5.0447586689
ZnP2S6,0.0,0.2854
ZnP2S6,0.0,0.2854
ZnPS,0.0,0.2854
ZnPS,1.3401,2.9346535397
Zn4P2S,0.0,0.2854
Zn4P2S,0.0,0.2854
