formula,bg,formation_energy,mp-id,fidelity,bg_category
RbHgSbSe3,1.7641600000000002,-0.7669543786718781,mp-6300,4,1.0
NaCaVO4,4.217899999999999,-2.7691338459113313,mp-19302,4,4.0
LiRhO2,1.95974,-1.555824928333332,mp-14115,4,1.0
Tl2B2Se7,1.67976,-0.28725675440341,mp-16183,4,1.0
KI,4.7858,-1.669989291124999,mp-22898,4,4.0
Ba2CuClO2,0.655531,-2.449774615,mp-551456,4,0.0
Zn(InSe2)2,1.33381,-0.86116859752976,mp-22607,4,1.0
SCl,3.3613299999999997,,mp-504824,4,3.0
Sr(InSe2)2,1.94766,-1.260986248065475,mp-21733,4,1.0
ZnSiAs2,1.18126,-0.1912955775,mp-3595,4,1.0
Y2MgSe4,2.19105,-1.95491398919643,mp-15803,4,2.0
K4BeAs2,1.81594,-0.393766191285711,mp-29584,4,1.0
Zn(ReO4)2,4.57667,-2.101178606818182,mp-10326,4,4.0
Cs2PdCl4,2.3265,-1.571850537857145,mp-30314,4,2.0
CaPS3,3.66434,-1.236962133282737,mp-9789,4,3.0
AsS,2.21553,-0.159580558906249,mp-542810,4,2.0
BaYAgSe3,2.0624,-1.773074978116318,mp-6647,4,1.0
Li3AuS2,2.94578,-1.206511225833334,mp-15999,4,2.0
Cs2Li2TiO4,5.38333,-2.526923392701148,mp-8294,4,5.0
Ba(MgAs)2,1.54535,-0.928578429000002,mp-8280,4,1.0
Cs3Sb,1.55503,-0.500301612499999,mp-10378,4,1.0
NaAlCl4,6.65768,-1.8538959725,mp-23363,4,6.0
NaLiSe,3.4769,-1.371980806076387,mp-28603,4,3.0
K2MgF4,9.0369,-3.367804555642856,mp-31212,4,7.0
SrLiP,1.97628,-1.134869963214286,mp-13276,4,1.0
Ca4Cl6O,6.509270000000001,-2.896422515454545,mp-23326,4,6.0
LiAs,0.732285,-0.588209097083334,mp-7943,4,0.0
RbAuBr3,1.01363,-1.185198881499999,mp-27300,4,0.0
CsNaS,3.90356,-1.274295310937501,mp-6973,4,3.0
LaZnAsO,0.778547,-2.060511224375001,mp-549589,4,0.0
Cs2CuF6,1.4401700000000002,-2.181234638888889,mp-28692,4,1.0
TaTl3Se4,2.76182,-0.714410679197918,mp-10644,4,2.0
Ba(AgTe)2,1.00924,-0.952725886833328,mp-18501,4,0.0
Li4NCl,0.924315,-1.018106857986112,mp-29149,4,0.0
Cd4OF6,2.9274,,mp-505174,4,2.0
TaI2O,1.29503,-1.681656821833334,mp-29027,4,1.0
CsAg3Se2,0.647418,-0.58239625405711,mp-16234,4,0.0
SbBr3,3.84367,-1.002810886249999,mp-27399,4,3.0
Ca2PbO4,2.0481,-2.551106224285708,mp-21137,4,1.0
Zn(AuF4)2,2.4104699999999997,-1.536380692272729,mp-17512,4,2.0
Sr2MgWO6,3.73682,-2.985156883499999,mp-19420,4,3.0
CsIO3,3.6724,-1.372726376931034,mp-28295,4,3.0
CuTe2Cl,0.927246,-0.331452256250003,mp-30971,4,0.0
ZnS,2.58289,-0.9625521039062512,mp-10695,4,2.0
BaGeO3,4.769729999999999,-2.696001211500001,mp-13863,4,4.0
K2S5,2.42894,-0.700578589866071,mp-17146,4,2.0
AlAgSe2,1.6604,-0.7432121020312501,mp-14091,4,1.0
RbIn5S8,1.85841,-0.936158507202379,mp-20938,4,1.0
Mg(BiO3)2,1.01692,-1.701878914444442,mp-28447,4,0.0
Cs2PtCl4,2.78714,-1.534298599285713,mp-29216,4,2.0
Cs2PdI6,0.904797,,mp-505635,4,0.0
BrF5,4.19682,-1.326850845833333,mp-27987,4,4.0
VCu3S4,1.42476,-0.8562810200000001,mp-3762,4,1.0
CsNaSe,3.31511,-1.313769136354165,mp-8658,4,3.0
Ga2HgTe4,0.837044,-0.368972043928571,mp-16337,4,0.0
Na3AgO2,2.10337,-1.258432925967428,mp-3527,4,1.0
Ga2Te5,1.1786,-0.298831161428572,mp-2371,4,1.0
CaS,3.30329,-2.436088926406249,mp-1672,4,3.0
CsLiCl2,6.39708,-2.1073052591666652,mp-23364,4,6.0
GaAgTe2,0.446175,-0.342137992499999,mp-4899,4,0.0
P2Pt,1.09351,-0.789592848650793,mp-730,4,0.0
ZnSO4,5.09071,-1.8630929675,mp-5126,4,4.0
InGaSe3,1.69439,-0.7055558967708331,mp-504952,4,1.0
HgI2,1.6419,-0.564617394374998,mp-23192,4,1.0
SrCaSi,0.798404,-0.526279950833333,mp-7084,4,0.0
LiGaO2,4.13755,-2.378874777083333,mp-5854,4,3.0
Cs2Ti(CuSe2)2,1.99588,-1.168822045779853,mp-10489,4,1.0
BaCaGe,0.564805,-0.5828065666666661,mp-16252,4,0.0
K4I2O9,3.0989899999999997,-1.420179801933333,mp-27764,4,2.0
Cs2AgI3,3.1071,-1.320910873079503,mp-540881,4,2.0
K2Pb(SO4)2,5.62442,-2.117876546884615,mp-21099,4,5.0
Sr(AuO2)2,1.94505,-1.477021438571423,mp-9298,4,1.0
MgGeO3,3.75582,-2.554010083,mp-4819,4,3.0
As2Rh,0.24408,-0.5725928316666651,mp-15954,4,0.0
AsF5,6.25772,-2.152408185416666,mp-8723,4,6.0
LiAlTe2,2.70704,-0.925174646666666,mp-4586,4,2.0
NaGe2(PO4)3,4.92638,-2.477459963628215,mp-542919,4,4.0
BaCuN,1.08246,,mp-505338,4,0.0
HgF,2.02223,-1.314067998750001,mp-706,4,1.0
PbSO4,5.178529999999999,,mp-22298,4,4.0
K(SnSe2)2,1.5454100000000002,-0.8701936988035711,mp-28769,4,1.0
LaSF,2.1167,-3.452929627604165,mp-5394,4,1.0
Sr3SbN,1.07602,-1.027945077000001,mp-7752,4,0.0
Al2ZnSe4,2.5813699999999997,-1.100773949910713,mp-7907,4,2.0
KBiP2S7,2.95033,-0.7979409535487001,mp-23572,4,2.0
Ca4Sb2O,1.4801099999999998,-1.781754134999996,mp-13660,4,1.0
Al2CdSe4,2.40769,-1.075488398482142,mp-3159,4,2.0
SnGeS3,1.90229,-0.684868667,mp-5045,4,1.0
BaZr2F10,7.89842,-4.093492791923077,mp-505400,4,7.0
Ba(BeN)2,2.2103,-1.107963756,mp-12927,4,2.0
Cs2AgSbS4,2.1679899999999996,-0.897385242622125,mp-510710,4,2.0
TlInSe2,1.4086800000000002,-0.6729150770312481,mp-22232,4,1.0
Cs2GeF6,7.925890000000001,-3.052358112701146,mp-8217,4,7.0
Sr2BN2F,3.64886,-2.023247366944444,mp-10234,4,3.0
Al2Os,0.5157930000000001,-0.670291663333335,mp-7188,4,0.0
BaSnHg,0.168062,-0.574680997500001,mp-11819,4,0.0
LiGeBO4,5.5519099999999995,-2.494826821071428,mp-8873,4,5.0
HgAsO3,1.61282,-1.362179759999999,mp-30284,4,1.0
FeSe2,0.7113039999999999,-0.669716959895831,mp-760,4,0.0
Ba2GeSe4,1.77996,-1.62330692705357,mp-11902,4,1.0
Rb3NaBe2F8,9.19031,-3.299471241705665,mp-13630,4,7.0
Ba2Zn7F18,5.50733,-2.959749393333333,mp-541827,4,5.0
BiCl3,4.08939,-1.044261659374999,mp-22908,4,3.0
Zn(SbO3)2,2.4065700000000003,-1.884719061666666,mp-3188,4,2.0
TeAuI,1.13137,,mp-504668,4,1.0
PbF3,2.3839,-2.26442824375,mp-20652,4,2.0
TiSnPt,0.871192,-0.938612322222217,mp-30847,4,0.0
MgB4,0.3847049999999999,-0.1727923235,mp-365,4,0.0
Cd(GaTe2)2,1.25105,-0.469118834285715,mp-13949,4,1.0
RbNbO3,4.39355,-2.8390510185,mp-3283,4,4.0
SrIF,5.1805200000000005,-3.123103805000002,mp-23046,4,5.0
KNa2(PO3)3,6.78803,-2.649284270595813,mp-17889,4,6.0
Rb4CdCl6,4.8592200000000005,-2.063121788636363,mp-22930,4,4.0
Sr(BeN)2,2.77563,-1.197968177,mp-11919,4,2.0
AlCuS2,2.69017,-0.963132853906248,mp-4979,4,2.0
BiTeCl,1.83772,-0.655658539166665,mp-28944,4,1.0
CaGeO3,4.63347,-2.749981945333333,mp-17761,4,4.0
S(ClO)2,4.7802,-1.2609632865,mp-28405,4,4.0
Cs2ZrO3,5.3148,-2.729279389051728,mp-8759,4,5.0
Al2HgS4,2.46297,-1.106310683214292,mp-7906,4,2.0
BaLaCuTe3,1.64629,-1.517794134999999,mp-17063,4,1.0
SnCl2,3.70432,-1.055039141666666,mp-29179,4,3.0
Cl2O,1.91283,,mp-505466,4,1.0
Li3B7O12,7.19694,-2.817122843371212,mp-16828,4,6.0
Rb2SnCl6,3.32721,-1.8884658099999991,mp-23059,4,3.0
SbSBr,2.17634,-0.7882413033333321,mp-22971,4,2.0
NaCdF3,4.93414,-2.660950373275862,mp-4360,4,4.0
Na2SeO3,4.9312,-1.7952078387670591,mp-5416,4,4.0
NbCu3S4,2.15154,-0.847748116249999,mp-5621,4,2.0
RbBiS2,1.92757,,mp-505761,4,1.0
SrHfN2,0.704539,-1.639650124375002,mp-9383,4,0.0
Ag2S,1.84017,-0.113522417604166,mp-31053,4,1.0
Ga2TeS2,2.56326,-0.686490629125,mp-27255,4,2.0
SrO,4.96379,-3.075623527499999,mp-2472,4,4.0
K4Br2O,3.10925,-1.699231186285714,mp-28627,4,2.0
NbInO4,4.0724,-2.623428141944451,mp-9595,4,3.0
KNaSe,3.22425,-1.240609514491021,mp-28595,4,3.0
CsAuCl3,1.1141500000000002,-1.194202064500001,mp-23484,4,1.0
K2P3,1.31835,-0.549950390285712,mp-8262,4,1.0
K4HgAs2,1.47928,-0.423216713785715,mp-29484,4,1.0
LaS2,1.04982,-2.142144764791664,mp-1508,4,0.0
Al2Te5,1.45592,-0.401939997142855,mp-9254,4,1.0
KNbF6,6.6538699999999995,-3.414340102781249,mp-7571,4,6.0
CsBiS2,2.0838400000000004,-0.8667762614062541,mp-541378,4,1.0
AuCl2,1.24603,-0.317203187500001,mp-541656,4,1.0
AgSbS2,1.80571,-0.250111398906248,mp-3922,4,1.0
Rb3GaO3,4.16,-1.8299430271428552,mp-13744,4,3.0
Na2Se,3.10183,-1.2695772096875,mp-1266,4,2.0
K2NbAgS4,2.61863,-1.240613618895833,mp-15214,4,2.0
In2P2O7,4.16604,-2.3776922391017252,mp-17100,4,4.0
Li2S,4.0371999999999995,-1.503453288055556,mp-1153,4,3.0
KLaO2,4.98654,-3.0045629105625,mp-7958,4,4.0
ScAgSe2,1.35539,-1.2746940445312511,mp-12908,4,1.0
HfCu2Te3,0.285767,-0.682466131666661,mp-3650,4,0.0
NaLi2AsO4,5.20724,-2.199363304443247,mp-9066,4,5.0
LiZnPS4,3.3106799999999996,-0.946639962568026,mp-11175,4,3.0
CaAgSb,0.312528,-0.757239733055554,mp-11214,4,0.0
LiAuI4,0.735494,,mp-505462,4,0.0
CaSe,2.9064699999999997,-2.315957819531251,mp-1415,4,2.0
Ba(IO3)2,4.24659,-1.546153766666666,mp-30991,4,4.0
Sr2CdWO6,3.73817,-2.618560415,mp-19014,4,3.0
LiF,10.6572,-3.188945303333333,mp-1138,4,7.0
Sr2YNbO6,4.41975,-3.46656378,mp-6019,4,4.0
Sr2NbN3,2.99258,-1.221069149583333,mp-17701,4,2.0
K2Mg(PSe3)2,2.3657600000000003,-0.973371604804382,mp-11643,4,2.0
Tl2PAuS4,1.90782,-0.604043033288692,mp-9510,4,1.0
NbBiO4,3.86264,-2.521130047083335,mp-23413,4,3.0
La3MnGaS7,0.358147,-1.9666968324308531,mp-504891,4,0.0
Na5ReO6,3.0324299999999997,-2.053585158283046,mp-8253,4,2.0
Ba(As3Pt2)2,0.4816539999999999,-0.657548921818193,mp-14501,4,0.0
LiAlSiO4,6.294020000000001,-3.210481965714286,mp-18220,4,6.0
KPb,0.8560099999999999,-0.362189247187497,mp-21526,4,0.0
Cs2ZrSe3,1.90956,-1.636383312031249,mp-9856,4,1.0
TaAgF6,4.87559,-2.913713846541668,mp-29993,4,4.0
Rb2B4O7,6.67091,-2.75967813128205,mp-16980,4,6.0
Ag2HgI4,1.55581,-0.512362546547618,mp-23485,4,1.0
KAlSiO4,6.04933,-3.184236963892856,mp-9480,4,5.0
CsCl,6.49316,-2.171597246249998,mp-22865,4,6.0
Rb3PS4,3.67331,-1.245215322455356,mp-16863,4,3.0
K3Na2SnAs3,1.2946,-0.452824543556513,mp-18447,4,1.0
Y6WO12,3.5477800000000004,-3.6557847515789472,mp-19005,4,3.0
Mg4Ta2O9,5.36825,-3.240302830644448,mp-17481,4,5.0
CsI3,2.23894,-1.113519470538793,mp-22876,4,2.0
Na2LiBe2F7,9.7226,-3.329258121757663,mp-12240,4,7.0
LiSiBO4,7.5361,-2.972327560357141,mp-8874,4,7.0
LaBN2,3.01904,,mp-505493,4,2.0
Bi3B5O12,4.24695,-2.435378658541668,mp-23549,4,4.0
V2Cd2O7,2.97708,-2.076633188636363,mp-18740,4,2.0
CsAgCl2,3.17178,-1.393852904999999,mp-542772,4,3.0
BiTeI,1.5716199999999998,-0.637094973888891,mp-22965,4,1.0
Rb2PbO3,2.17173,-1.554828175833331,mp-21489,4,2.0
Sb2S3,1.65299,-0.287243025187498,mp-2809,4,1.0
P2PtO7,1.93856,-2.080259031928571,mp-29282,4,1.0
MgSiP2,1.64148,-0.411262341071428,mp-2961,4,1.0
Y2Sn2O7,3.70717,-3.005540767272727,mp-3370,4,3.0
InS,1.76055,,mp-20094,4,1.0
RbCu3S2,1.22772,-0.615274059583332,mp-10985,4,1.0
Rb2Ni3Se4,0.8781760000000001,-0.845413846041668,mp-18691,4,0.0
NaZnP,0.931228,-0.518619665992063,mp-4824,4,0.0
NaAlI4,4.3757,-1.151658431479887,mp-29395,4,4.0
SrBeF4,9.86374,-3.9188805175,mp-9726,4,7.0
TeO2,3.13323,-1.494702649305555,mp-2125,4,2.0
As2Os,0.854585,-0.303892785000002,mp-2455,4,0.0
NaInO2,3.0836900000000003,-1.978897959511493,mp-5175,4,2.0
BaLiAs,1.18835,-0.939694690277778,mp-10616,4,1.0
TlPt2Se3,0.699905,-0.5280740395312521,mp-541487,4,0.0
CaAgAs,0.1555929999999999,-0.8982986191666661,mp-5615,4,0.0
NaNbS2,0.997657,-1.453704387844829,mp-7937,4,0.0
AgF3,0.596441,-1.128947433749999,mp-18536,4,0.0
FeSbS,0.8039980000000001,-0.5932567766666671,mp-27904,4,0.0
LiInGeO4,3.28102,-2.172037273214285,mp-17854,4,3.0
KGaI4,3.0242600000000004,-1.128624944541663,mp-29402,4,2.0
Cd4P6SN12,3.59202,-0.5997514267546581,mp-8921,4,3.0
PdI2,1.11024,-0.503004289999998,mp-27747,4,1.0
Y2Cl3,1.10832,-2.092601786499999,mp-27678,4,1.0
RbAuF4,2.99985,-2.069932459583331,mp-3419,4,2.0
ScAgO2,2.58054,-2.624149660416652,mp-11022,4,2.0
TaCu3Te4,1.49361,-0.474511129249997,mp-9295,4,1.0
P2Ir,0.609711,-0.8183616969841261,mp-10155,4,0.0
InOF,2.28309,-2.375712292222223,mp-27175,4,2.0
ZrSnS3,1.40018,-1.397594188499999,mp-17324,4,1.0
RbScO2,5.113659999999999,-3.000576440624999,mp-7650,4,4.0
KAuSe,2.56617,-0.8961049631979161,mp-9881,4,2.0
Nb2O5,3.31657,-3.026667726428572,mp-1595,4,3.0
O2,1.46243,0.0,mp-12957,4,1.0
Na2O2,3.28841,-1.2980963948563211,mp-2340,4,3.0
HfS3,1.54012,-1.373804485859373,mp-9922,4,1.0
I,1.30683,0.0,mp-23153,4,1.0
Zn4P6SN12,4.67699,-0.7335198824068311,mp-15833,4,4.0
KTlCl4,3.01945,-1.544014930097224,mp-27385,4,2.0
Ba(GeAs)2,0.466535,-0.497254499499999,mp-27810,4,0.0
Ba3CrN3,0.187548,-0.908386438571426,mp-12905,4,0.0
K3Nb3(BO6)2,3.1253800000000003,-2.873965536004166,mp-15248,4,2.0
YZnAsO,1.3413,-1.966997731875,mp-546011,4,1.0
MgCO3,6.29783,,mp-5349,4,6.0
SrMgP2O7,6.77523,-3.118421845162336,mp-18469,4,6.0
YAgTe2,1.16135,-1.125885941249998,mp-12903,4,1.0
AsPO4,5.53493,-2.198969101190476,mp-8140,4,5.0
Ag3Ge5P6,0.7329690000000001,-0.041898267346937,mp-17862,4,0.0
NbTeBr3,1.02662,-1.175170097333334,mp-28038,4,0.0
Li2Se,3.54713,-1.451676987465277,mp-2286,4,3.0
KCaCO3F,6.481739999999999,-2.790271634607143,mp-6867,4,6.0
KNO3,4.01889,-1.4221385969499991,mp-5158,4,3.0
Sr2Pb,0.1162229999999999,-0.6891520008333311,mp-30828,4,0.0
InPS4,2.87875,-0.48460511487103,mp-20790,4,2.0
AuSe,0.4509039999999999,-0.140219074531245,mp-2793,4,0.0
Sr5(AuO4)2,1.9178,-2.343511762000006,mp-28796,4,1.0
BaBiIO2,3.59712,-2.184123108,mp-551243,4,3.0
LaTaN2O,1.44615,-2.215536883466666,mp-550514,4,1.0
Sr3(SiAs2)2,1.39088,-0.98703441611111,mp-11677,4,1.0
NbSeI3,0.971418,-0.852683505468748,mp-541817,4,0.0
BiSBr,2.4983299999999997,-0.8865928066666711,mp-23324,4,2.0
SiTePt,0.774841,-0.5956044437500001,mp-29397,4,0.0
BaGeF6,7.30757,-3.401715624375,mp-14006,4,7.0
Li6WN4,3.75709,-0.952176872727273,mp-3503,4,3.0
La2TeO2,2.56714,-3.386965779333334,mp-4547,4,2.0
MgF2,9.07161,,mp-1810,4,7.0
TlTeF5,5.35576,-2.414693193928571,mp-29903,4,5.0
AgCl,1.63934,-0.568439933749999,mp-22922,4,1.0
RbIO3,3.60334,-1.3725295435,mp-27193,4,3.0
HgCl,3.0780100000000004,-0.621251812500002,mp-22897,4,2.0
TlCdCl3,3.76418,-1.434297047166665,mp-28218,4,3.0
Sr2SnS4,3.1261,-1.600842348749998,mp-30294,4,2.0
LaTeAs,0.437768,-1.441733783055556,mp-10383,4,0.0
Ga2PdBr8,2.02584,-1.101282322272727,mp-30945,4,1.0
Rb4In2S5,3.05004,-1.229741488257574,mp-27670,4,2.0
LaAs2,0.779432,,mp-505640,4,0.0
Ba4I6O,4.77529,-2.271982365909091,mp-29909,4,4.0
NaAuF4,2.62172,-1.883067553333333,mp-7388,4,2.0
CsLaCdTe3,1.9479,-1.366133713275861,mp-12491,4,1.0
BaP3,1.05046,-0.66459478973214,mp-7808,4,0.0
K2AgBi,1.30001,-0.414086274374998,mp-27549,4,1.0
RbReO4,4.76094,-2.3544667574999942,mp-4035,4,4.0
CuSe2Cl,1.32513,-0.336460636406249,mp-31038,4,1.0
CsAuI3,0.910917,-0.94590951493103,mp-28453,4,0.0
RbZnPO4,5.07128,-2.513455971734693,mp-18463,4,4.0
CsYHgSe3,1.79583,-1.455908979031071,mp-11123,4,1.0
Zn(GaTe2)2,1.21503,-0.6253114245238071,mp-15777,4,1.0
Li4TeO5,3.77617,-2.104244935500001,mp-4804,4,3.0
K2SeO4,5.02292,-1.8025923552633931,mp-5226,4,4.0
Cs2HfI6,2.72429,-1.508881836590033,mp-29398,4,2.0
GaSe,1.61011,-0.6900082132812491,mp-1943,4,1.0
CuBS2,2.26841,-0.592209918541666,mp-12954,4,2.0
NaInSe2,1.59777,-1.009197114531248,mp-22473,4,1.0
K2LiAlP2,2.6946,-0.633230926186506,mp-6450,4,2.0
Na5InS4,2.96579,,mp-505414,4,2.0
Bi2SO2,1.4558,-1.338651716499998,mp-27891,4,1.0
Sr2ZnN2,1.50295,-0.7217466805,mp-9306,4,1.0
KAuF4,2.9234400000000003,-2.069855809541666,mp-5309,4,2.0
La2SeO2,3.24871,-3.491444638468752,mp-7233,4,3.0
LiCl,7.32759,-2.005343378333332,mp-22905,4,7.0
RbAg3Te2,0.693587,-0.526338080972218,mp-10481,4,0.0
Rb2(NbCl3)3,1.20345,-1.884424737142858,mp-22976,4,1.0
SbPO4,4.75072,-2.355047281607143,mp-3439,4,4.0
Zn(IO3)2,3.89674,-1.057101210555555,mp-23360,4,3.0
CsIn5S8,1.82973,-0.8742669166071401,mp-22007,4,1.0
SrCaGe,0.781042,-0.708072101666665,mp-12418,4,0.0
Sr(InS2)2,2.70976,-1.330079726726185,mp-21781,4,2.0
MgSe,3.2936300000000003,-1.468356818671876,mp-13031,4,3.0
Na2Li3GaO4,4.69171,-2.074097865275861,mp-540945,4,4.0
RhBr3,1.59709,,mp-504719,4,1.0
ZrCl3,1.0789300000000002,-1.949523499375001,mp-22871,4,0.0
Cs2HgF4,3.20674,-2.439617690258624,mp-8963,4,3.0
CsLa2CuSe4,1.68234,-1.819113964253771,mp-505815,4,1.0
Ca3(CoO3)2,0.984137,-2.391797552272727,mp-18792,4,0.0
Tl6SI4,3.10247,-0.76957963977273,mp-27938,4,2.0
Hg2P2S7,2.23174,-0.490929933344155,mp-27171,4,2.0
CaAl4O7,5.429810000000001,-3.463972205833334,mp-4867,4,5.0
KSe,1.52915,-1.167954419796875,mp-9268,4,1.0
FeSi2,1.0976400000000002,-0.395635093333333,mp-1714,4,0.0
Hf(PS3)2,2.83908,-0.800161286980819,mp-14444,4,2.0
BaBiO3,0.390927,-2.233409576999999,mp-22942,4,0.0
BaAs2,0.682868,-0.7792174177777801,mp-31243,4,0.0
RbLiCrO4,3.1709699999999996,-2.090644955833333,mp-18741,4,3.0
LiYF4,9.805040000000002,-4.055315924444444,mp-3700,4,7.0
TlBS2,2.3772800000000003,-0.7129788381249981,mp-8946,4,2.0
AuI,2.46813,-0.265866406249999,mp-27725,4,2.0
Ca(ZnAs)2,0.5178680000000001,-0.6555636290000011,mp-9571,4,0.0
Cd2As3I,0.944385,-0.252506879583335,mp-27577,4,0.0
SrMgSi,0.125268,-0.358533394166666,mp-15642,4,0.0
KYTe2,1.87379,-1.602569402645834,mp-16763,4,1.0
CdWO4,3.4616,-1.985844491666664,mp-19387,4,3.0
Ba2Tl2O5,0.8896069999999999,-1.964748793796296,mp-18327,4,0.0
Rb2As3,0.870263,-0.406971647499999,mp-15556,4,0.0
Li2SnO3,4.27119,-2.224686791527778,mp-3540,4,4.0
Na4FeO4,0.8962859999999999,-1.625666475613027,mp-19022,4,0.0
PPbSe3,2.1023400000000003,-0.411696905532741,mp-20316,4,1.0
BaSiN2,4.08643,-1.306235193125001,mp-3777,4,3.0
KAgSe,1.21601,-0.811976038753471,mp-16236,4,1.0
TaBiO4,4.1711,-2.704939912888891,mp-30900,4,4.0
Nb2Cd2O7,2.8986,-2.454334292272726,mp-5472,4,2.0
BaPS3,3.72981,-1.474063243928571,mp-11006,4,3.0
TlPt2S3,1.29219,-0.691701527638893,mp-9272,4,1.0
KCuTe,1.15054,-0.7233970996388901,mp-7436,4,1.0
MgGeN2,3.1615900000000003,-0.760936786249999,mp-7798,4,3.0
CsGeI3,1.59275,-1.069608593931036,mp-28377,4,1.0
KIO3,3.36143,-1.366622997449999,mp-23487,4,3.0
ICl3,2.37141,-0.66435476,mp-27729,4,2.0
Sr(CdAs)2,0.460741,-0.604969456999997,mp-7771,4,0.0
HfGeO4,5.01297,-3.05788336833334,mp-9755,4,4.0
Ba(CdAs)2,0.442565,-0.614831377000001,mp-8281,4,0.0
ZnPtF6,2.65442,-2.033013432499999,mp-8256,4,2.0
ScOF,6.071359999999999,-4.125764553333335,mp-4661,4,5.0
BaSeO4,4.886939999999999,-2.156183486640623,mp-12010,4,4.0
SrAs,0.787612,-1.268243582083336,mp-1049,4,0.0
Rb2TeBr6,2.3860300000000003,-1.41372741685185,mp-23383,4,2.0
Li2WO4,4.07343,-2.352370269523809,mp-19260,4,3.0
Sb2Ru,0.1849799999999999,-0.288975953333334,mp-20928,4,0.0
NaSrP,1.99046,-0.963640314880952,mp-13275,4,1.0
Rb2Li2GeO4,4.89183,-2.123341942407406,mp-8450,4,4.0
KAuCl4,1.9133,-1.318467975374999,mp-27181,4,1.0
CaBr2,5.54805,-2.402401639999999,mp-22888,4,5.0
Sr2FeWO6,1.5059,-2.663015328,mp-19266,4,1.0
K2Pd3Se4,0.968006,-0.9122132659861112,mp-14339,4,0.0
La4Se3O4,1.94905,-3.256037440639207,mp-4412,4,1.0
Sr4As2O,1.8598,-1.7015557828571442,mp-8299,4,1.0
ZrBrN,1.89016,-1.902516950000001,mp-541912,4,1.0
Li3SbO4,4.00309,-2.213717543749994,mp-5769,4,3.0
CoAgO2,1.06292,-1.005616199166666,mp-19178,4,0.0
K2SeBr6,2.2109099999999997,-1.299198075204859,mp-23036,4,2.0
BaHgO2,3.05517,-1.9609385931250012,mp-3915,4,2.0
K3AlTe3,2.86496,-1.127586541607144,mp-18378,4,2.0
Sb2Os,0.440988,-0.083994378333334,mp-2695,4,0.0
Sr(BS2)2,3.3497199999999996,-1.234003620476189,mp-8947,4,3.0
Al2ZnTe4,1.91669,-0.7049379838095231,mp-7908,4,1.0
CsICl2,2.8174200000000003,-1.414317306163793,mp-22990,4,2.0
K3BiO3,3.77933,-1.67534266132143,mp-29524,4,3.0
VCl3O,3.18473,,mp-504820,4,3.0
NaI,4.67851,-1.450042413189654,mp-23268,4,4.0
BaCaSi,0.56645,-0.393707309166668,mp-16253,4,0.0
LaP5,0.2021,-0.678575252480158,mp-1864,4,0.0
NbI3O,1.0445799999999998,-1.405361576999995,mp-546285,4,0.0
CsAlCl4,6.7093,-2.006979204583333,mp-27260,4,6.0
Tl2SiSe3,2.138,-0.7155503406163201,mp-14241,4,2.0
Li2AgSb,0.176788,-0.5181467695833331,mp-16238,4,0.0
TaTeBr9,2.53215,-1.12973077627273,mp-29716,4,2.0
BaAl4S7,3.95812,-1.592054923958332,mp-8258,4,3.0
Hg2P2O7,2.45242,,mp-504981,4,2.0
NaBr,5.52255,-1.8350720331896544,mp-22916,4,5.0
SrPSe3,2.61671,-1.128138445532738,mp-7198,4,2.0
Na5TaO5,4.25967,-2.318986056293624,mp-8957,4,4.0
Tl6Si2O7,2.35961,-1.901782148000005,mp-27228,4,2.0
K2SnTe5,0.87402,-0.793495430354165,mp-28080,4,0.0
Na3SiTe3,2.44535,-0.8463417455911321,mp-17291,4,2.0
KAuS,2.9907399999999997,-0.8778747771875001,mp-7077,4,2.0
BeSiN2,5.99542,-1.400415780625,mp-7913,4,5.0
BaBe2Si2O7,6.78375,-3.30665925,mp-12797,4,6.0
NaV(OF)2,2.6751199999999997,-2.696898790229884,mp-18953,4,2.0
Ba(CuO)2,2.50579,-1.616588649999994,mp-7374,4,2.0
Te2O3F2,4.0630500000000005,-1.865477781904763,mp-29185,4,3.0
BeCl2,7.608890000000001,-1.837467066666666,mp-23267,4,7.0
Hg2P3Br,1.52379,-0.224946760238096,mp-28874,4,1.0
TiCoSb,1.01071,-0.658718782222221,mp-5967,4,0.0
K2Se,3.30375,-1.239938295614582,mp-8426,4,3.0
ScF3,8.90225,-4.21761559875,mp-10694,4,7.0
ScPS4,2.48922,-1.074563742371031,mp-6999,4,2.0
Sr3BPO3,2.79779,-2.587786172976191,mp-9702,4,2.0
KAgCO3,2.73187,-1.6461808939861111,mp-541966,4,2.0
Ba(YTe2)2,1.34176,-1.787762902023809,mp-17872,4,1.0
CdPdF6,2.32523,-1.947314328749999,mp-13984,4,2.0
Sr5Mo2N7,1.6767,-1.086088278214286,mp-31231,4,1.0
Cs2CoSe2,0.1661,-0.866066649783729,mp-8770,4,0.0
Ba2ZnN2,1.35891,-0.567185527999998,mp-9307,4,1.0
K2LiInAs2,1.23845,-0.5508561190833331,mp-505431,4,1.0
SiC,2.4555100000000003,-0.305938795833333,mp-7631,4,2.0
NaGe,1.16494,-0.214525574374999,mp-29657,4,1.0
Zr3Ni3Sb4,0.4239739999999999,-0.7275767780000011,mp-17926,4,0.0
P2PdO6,2.40235,-2.167519598253974,mp-29274,4,2.0
Na2SiO3,5.63527,-2.692845917126435,mp-4533,4,5.0
TiBrN,1.3206300000000002,-1.677342069444446,mp-27849,4,1.0
KCSN,4.80915,-0.5351224188281231,mp-6511,4,4.0
Ca(MgAs)2,1.80942,-1.129124516999999,mp-9564,4,1.0
SrP,1.01288,-1.210426868988094,mp-7931,4,0.0
TiNCl,1.34552,-1.772338020972223,mp-27850,4,1.0
PbBr2,3.74053,-1.266197594999998,mp-28077,4,3.0
SrSnO3,2.58464,-2.6373586375,mp-2879,4,2.0
BaSbClO2,3.53348,-2.501479447,mp-545500,4,3.0
BiI3,2.90461,-0.7663869175000011,mp-22849,4,2.0
GaAgSe2,0.6311530000000001,-0.5399828320312511,mp-5518,4,0.0
SiO2,6.9974300000000005,-3.267460600833333,mp-6945,4,6.0
LaSeF,2.51193,-3.349131063020832,mp-7738,4,2.0
NaAlPO4F,6.95521,-3.083286763252771,mp-8678,4,6.0
Ba3V2O8,4.30711,-3.018909883076909,mp-19365,4,4.0
NaAlSe2,3.23651,-1.229169387343748,mp-17060,4,3.0
TaPCl10,3.60382,,mp-504684,4,3.0
SbSI,2.01245,-0.605854298333329,mp-23041,4,1.0
K2HgO2,3.22523,-1.338735045400001,mp-5860,4,3.0
MgP4O11,6.60311,-2.697408374598214,mp-15437,4,6.0
Na3Mo(OF)3,4.503,-2.561763619413791,mp-18753,4,4.0
CaTaAlO5,5.11766,-3.484082552166667,mp-15733,4,4.0
HfSe3,0.731811,-1.169647978046875,mp-15622,4,0.0
Hg2As3Br,1.0323099999999998,-0.22273587291667,mp-28899,4,0.0
InBO3,3.59261,-2.458591821166667,mp-7027,4,3.0
BiPbClO2,2.72034,-1.679936678,mp-23084,4,2.0
CsCu3S2,2.68043,-0.6124818376041661,mp-7786,4,2.0
BaSiF6,9.60546,-3.8392450499999993,mp-5588,4,7.0
KAs4IO6,3.12531,-1.660899759354167,mp-23126,4,2.0
AlBr3,5.19361,-1.518050286874999,mp-23288,4,5.0
K2PdBr4,1.76744,-1.483386717785713,mp-27138,4,1.0
ZrSe3,0.822397,-1.236771233046873,mp-1683,4,0.0
FeBr2,1.50838,-0.7966675133333341,mp-22880,4,1.0
K2ZrO3,5.29633,-2.7781002186666672,mp-18449,4,5.0
Cs2TeBr6,2.4563,-1.45449107844189,mp-23405,4,2.0
Rb2GeSe3,2.11171,-1.110592218671873,mp-9794,4,1.0
ScTlS2,1.43231,-1.616428805833324,mp-13312,4,1.0
VCu3Se4,1.16086,-0.5719401107812501,mp-21855,4,1.0
Ba2MgSi2O7,6.11344,-3.363647231666667,mp-9338,4,5.0
Pb2CO4,4.1549,-1.719503321785714,mp-505702,4,3.0
Ba2CaWO6,3.756,-3.030209073,mp-19182,4,3.0
NbCl4,1.44823,-1.412415387999999,mp-31040,4,1.0
SrLiSb,1.14608,-1.018784152777778,mp-7756,4,1.0
TlSnF7,3.3147399999999996,-2.343756699444444,mp-17649,4,3.0
Tl5Se2Br,0.848185,-0.676213200169275,mp-28921,4,0.0
IrCl3,2.32805,-0.623958485624999,mp-27666,4,2.0
K2TaCuSe4,2.3512,-1.182607521401041,mp-8972,4,2.0
Sr2LiReO6,2.47128,-2.738560688583334,mp-12525,4,2.0
Sb2O3,2.70961,-1.751737501999998,mp-2136,4,2.0
BiOF,4.18722,-2.225987449999998,mp-23074,4,4.0
ZrP2S7,2.25841,-0.96832660617857,mp-31014,4,2.0
SnBr2,2.93852,-1.173346578333331,mp-29862,4,2.0
Te3As2,0.687804,-0.001508734,mp-484,4,0.0
Na2CO3,6.08853,,mp-22381,4,5.0
Ba3Nb2ZnO9,3.77035,-3.071309408333333,mp-7249,4,3.0
Hg2P3Cl,1.32478,-0.246730585238097,mp-28875,4,1.0
GeSe,1.15332,-0.451703091171873,mp-700,4,1.0
MgI2,4.36696,-1.303778291666667,mp-23205,4,4.0
Sn2OF5,2.30779,-2.635444859375,mp-29590,4,2.0
CuBr,1.42825,-0.517612222499999,mp-22913,4,1.0
BaZrN2,1.84599,-1.423864360000001,mp-3104,4,1.0
Rb2SiAs2,1.72967,-0.435768260000001,mp-6960,4,1.0
Na2In,0.197452,,mp-510678,4,0.0
SbSeI,1.71338,-0.60188073578125,mp-22996,4,1.0
KAsF6,6.41916,-2.73981554059375,mp-7569,4,6.0
K4BeP2,2.1984299999999997,-0.360037676183672,mp-9872,4,2.0
NaNbO2,1.70555,-2.522986689094827,mp-3744,4,1.0
LiAg3O2,1.07206,-0.8048942663888881,mp-27227,4,0.0
KTlO,2.07374,-1.191447635194449,mp-27716,4,1.0
SbF3,5.107,-2.685827188749999,mp-1880,4,4.0
Te2Ru,0.364555,-0.406118763333338,mp-267,4,0.0
Sr4Ti3O10,3.2321999999999997,-3.508666600588235,mp-31213,4,3.0
Ga2O3,3.08811,-2.268996668999999,mp-886,4,2.0
LiBO2,6.56678,-2.73799054125,mp-3635,4,6.0
Li2ZnGeO4,4.0222,-2.225629343333333,mp-8184,4,3.0
Sr2CaWO6,3.71911,-2.9806652965,mp-18742,4,3.0
SbCl3,4.248270000000001,-0.94430403125,mp-22872,4,4.0
Sc2CdS4,1.5740999999999998,-1.794121224464285,mp-10953,4,1.0
GaS,2.4896700000000003,-0.7642187451562491,mp-2507,4,2.0
Rb2P3,1.32843,-0.431276638785714,mp-2079,4,1.0
Ca(MgSb)2,1.25963,-0.77549995,mp-9565,4,1.0
K2WSe4,1.45984,-1.078622331625001,mp-18138,4,1.0
TiBr4,3.37422,-1.658445301916668,mp-27634,4,3.0
Ga7Te10,1.25152,-0.410190464117647,mp-18388,4,1.0
ZnCu2GeS4,0.992581,-0.6985897668749991,mp-6408,4,0.0
Na2O,3.54907,-1.4257386859195391,mp-2352,4,3.0
Sr2ZnGe2O7,4.21378,-2.601126258333332,mp-17392,4,4.0
Sr(CdP)2,1.0958,-0.5721131518571381,mp-8277,4,0.0
NaBO2,5.88593,-2.607822887636494,mp-3889,4,5.0
SeBr,2.16061,-0.357321793046875,mp-540943,4,2.0
Rb2PtC2,1.99006,-0.061142019,mp-10919,4,1.0
BiBO3,3.79422,-2.290466749833336,mp-31250,4,3.0
AlI3,4.03842,-0.955214190625,mp-30930,4,3.0
Tl2SnF6,5.0392399999999995,-2.4311313055555552,mp-10401,4,4.0
CaPbF6,4.882140000000001,-3.030607506249999,mp-20463,4,4.0
B6As,2.78187,-0.209188941071428,mp-624,4,2.0
Sr2GeSe4,2.13975,-1.570705549196435,mp-30293,4,2.0
Ba2Bi2O5,2.6853,-2.288425597777783,mp-28670,4,2.0
Ba2SiTe4,1.47785,-1.3028846888095251,mp-14448,4,1.0
AgClO4,3.64867,-0.414067270277776,mp-22993,4,3.0
Sr3GeO,0.771236,-1.5590189605,mp-30950,4,0.0
MoS2Cl3,1.78515,,mp-504716,4,1.0
Al2ZnS4,2.83556,-1.190503468035713,mp-4842,4,2.0
ClO2,1.06246,-0.352869884583334,mp-23207,4,0.0
BaLiSb,1.16417,-1.008913952777778,mp-10485,4,1.0
PF5,9.41276,-2.726831949662697,mp-8511,4,7.0
KAlF4,9.37212,-3.644089839958327,mp-2910,4,7.0
Ge2S3Br2,3.19456,-0.8114880353571421,mp-540792,4,3.0
CdSiAs2,0.701646,-0.10667615875,mp-3078,4,0.0
LiInSe2,1.98778,-1.056964433697915,mp-20187,4,1.0
RbIn3S5,1.69113,-0.9947991457407392,mp-542654,4,1.0
LiBeAs,1.44582,-0.478378983611111,mp-9562,4,1.0
Rb2LiGaF6,5.965520000000001,-3.089955832083333,mp-14638,4,5.0
BaZnSO,2.9311,-2.078282849375,mp-548469,4,2.0
CaPAu,0.2166529999999999,-1.006515299325395,mp-10677,4,0.0
Sb2WO6,0.870305,,mp-541435,4,0.0
Ba2CaMoO6,2.85109,-2.9021457209999992,mp-19403,4,2.0
KAsO2,4.42499,-1.885300383687499,mp-30298,4,4.0
SrBPO5,7.04471,-3.121286575267857,mp-6486,4,6.0
Sr2Sn,0.192432,-0.727466508333333,mp-978,4,0.0
Ga2PdI8,1.70281,-0.71264459227273,mp-30946,4,1.0
K2CO3,6.25174,-2.109701842833329,mp-3963,4,6.0
K2TeBr6,2.68233,-1.39301875735185,mp-22963,4,2.0
Sr3Sc(BO3)3,6.263979999999999,-3.329377847031251,mp-17562,4,6.0
Ba2PbO4,1.69517,-2.369039861428569,mp-20098,4,1.0
Cu2SiSe3,0.7715069999999999,-0.5171899661718741,mp-15896,4,0.0
Rb2HgF4,3.15698,-2.427841051071428,mp-8962,4,3.0
V2O5,2.6147,,mp-510583,4,2.0
KF,8.684040000000001,-2.924248431124999,mp-463,4,7.0
CsMgPO4,6.1079799999999995,-2.906715185971147,mp-18329,4,5.0
In2S3,1.4381700000000002,-0.743551954687498,mp-22216,4,1.0
CsCuF4,1.9404,-2.108593645,mp-540921,4,1.0
Na2Si2Se5,3.2429,-0.989946137164152,mp-18562,4,3.0
Y4OsBr4,1.04755,-1.508264432222224,mp-28744,4,0.0
ScBO3,6.1047,-3.436941156833332,mp-8697,4,5.0
Cs2PtF6,3.3232199999999996,-2.35794224,mp-9262,4,3.0
KAl(MoO4)2,4.29325,-2.369613685604167,mp-19352,4,4.0
Li2BeSiO4,6.94738,-2.969780010208333,mp-8070,4,6.0
BaAg2GeS4,1.10823,-1.017806503541665,mp-7394,4,1.0
KPF6,9.38586,-3.088211671486607,mp-4608,4,7.0
CaCrP2O7,0.5046080000000001,-2.871509720616883,mp-19134,4,0.0
YB4Mo,0.4278229999999999,-0.6713338599999991,mp-7691,4,0.0
LaCuO2,3.49248,-2.689203321249986,mp-20072,4,3.0
MoPbO4,3.0770500000000003,,mp-25054,4,2.0
Na2BeB2O5,6.484319999999999,-2.723872338609195,mp-16737,4,6.0
RbS,2.57371,-1.15946500333333,mp-9062,4,2.0
Sb2Se3,1.08638,-0.284494587937501,mp-2160,4,0.0
TlP5,1.70147,-0.044324999146825,mp-27411,4,1.0
NaS2,2.4693,-0.705851476458332,mp-12180,4,2.0
K2Te2Pt,1.04598,-0.9639222794999992,mp-8623,4,0.0
K2VCuS4,1.62885,-1.264283724312499,mp-15147,4,1.0
Cs2SeCl6,3.12392,-1.275681211562499,mp-27830,4,2.0
BaSi3SnO9,5.07355,-3.092743077142858,mp-18502,4,4.0
KNaLaNbO5,4.77513,-3.040243175403257,mp-10942,4,4.0
NaSi2N3,5.05713,-1.255398330208333,mp-8973,4,4.0
Sr3(PO4)2,6.87063,-3.3192211222527472,mp-4632,4,6.0
K2CdPb,0.353647,-0.157758239874998,mp-504498,4,0.0
AgHgAsS3,1.48516,-0.364428084027777,mp-6215,4,1.0
CaNb2O6,4.64928,-3.237535069722227,mp-17101,4,4.0
K3Al2As3,2.08237,-0.5576802861562501,mp-28347,4,1.0
Na4SnS4,2.98613,-1.141972037916667,mp-29628,4,2.0
InTeI,1.98831,,mp-505356,4,1.0
LiNbS2,0.8821079999999999,-1.554447740833334,mp-7936,4,0.0
Cs3Ge4Au,1.33289,-0.269019377370689,mp-510341,4,1.0
RbLiZn2O3,2.78444,-1.795084829761904,mp-18422,4,2.0
BeSO4,8.30804,,mp-505568,4,7.0
K2TiS3,1.6733900000000002,-1.605788210055553,mp-28766,4,1.0
AgF,0.74701,-1.122615552499999,mp-7592,4,0.0
Sr2Sb2O7,2.55035,-2.570062335909088,mp-4103,4,2.0
AsCl2F3,3.91157,-1.580068915416666,mp-23444,4,3.0
Ba(InS2)2,2.77127,-1.363742763869046,mp-21943,4,2.0
KLi6BiO6,2.2611,-1.985202468375,mp-23582,4,2.0
HgPSe3,1.5178900000000002,-0.181591271532738,mp-7293,4,1.0
CdCO3,3.59719,-1.754963526999999,mp-4385,4,3.0
Ca3BN3,1.3673,-1.284244861250002,mp-30315,4,1.0
Pt(SCl4)2,2.36132,-0.370167341874999,mp-28721,4,2.0
AlTl(MoO4)2,4.29283,-2.203208559444446,mp-18733,4,4.0
MgAs4,1.08531,-0.304894355,mp-7623,4,0.0
NaF,9.08939,-2.960572454999999,mp-682,4,7.0
Rb2PtS2,1.77364,-1.100870729999997,mp-7929,4,1.0
CsSnI3,2.37623,-1.178286981431034,mp-27381,4,2.0
InSe,1.30211,-0.6763020120312461,mp-22691,4,1.0
K2AgSb,1.74903,-0.5024591443749991,mp-7643,4,1.0
ZnSnF6,5.26572,-2.647906428125001,mp-13903,4,5.0
Sr3As4,0.947769,-1.1324619135714291,mp-15339,4,0.0
Sr2Ge,0.74878,-0.6204755550000011,mp-2576,4,0.0
CuTe2Br,1.12999,-0.547720050208331,mp-31036,4,1.0
Ba2LiReN4,2.5830100000000003,-0.963360580104167,mp-10555,4,2.0
SbBr5F6,2.22029,-1.492768773749999,mp-541259,4,2.0
CsTe,1.46277,-1.0644603675,mp-8361,4,1.0
AgAuF4,1.63068,-1.254503722499999,mp-16060,4,1.0
Ba3BPO3,2.36328,-2.495422235476191,mp-9712,4,2.0
HfO2,5.443350000000001,-4.019811040833332,mp-352,4,5.0
SCl2O,4.240939999999999,-1.072571903124999,mp-28406,4,4.0
AlCuO2,2.75068,-2.417254424999987,mp-3748,4,2.0
HgO,1.71229,-0.635057482500004,mp-1224,4,1.0
NaNb(CuS2)2,2.2349,-0.997045115797412,mp-6181,4,2.0
BaZnCl4,5.48592,-2.268066550833335,mp-23373,4,5.0
K3TaS4,3.2730900000000003,-1.513084057697914,mp-18148,4,3.0
Cd(GaO2)2,2.3823000000000003,-2.030379208571428,mp-3443,4,2.0
Nb3I8,0.167019,-0.797843850000002,mp-27772,4,0.0
SrCuSb,0.331473,-0.7653390883333341,mp-10749,4,0.0
Ba2CdS3,2.6770500000000004,-1.84960027375,mp-18309,4,2.0
NaSe,1.04294,-1.000117890781251,mp-15668,4,0.0
Na2GeO3,4.51882,-2.132981442959769,mp-5784,4,4.0
RbMgCl3,6.30764,,mp-504459,4,6.0
CaAsAu,0.177517,-0.999016790833332,mp-3927,4,0.0
AsCl3,4.52805,-0.755685861249999,mp-23280,4,4.0
Na2B4O7,6.685560000000001,-2.740920742648098,mp-17941,4,6.0
Ga2HgSe4,1.17687,-0.600496146250001,mp-4730,4,1.0
Ta2CrO6,0.659929,-3.044736343851851,mp-31629,4,0.0
Hg2GeSe4,0.675289,-0.502389455625003,mp-3167,4,0.0
Li2O,6.0585,,mp-553090,4,5.0
CdAg4Ge2S7,1.19606,-0.5322799706547601,mp-542200,4,1.0
NaAlO2,5.3558900000000005,-2.929171832219827,mp-9212,4,5.0
Rb2LiAsO4,5.11054,-2.107650687604167,mp-14363,4,4.0
Na4SiO4,5.08294,-2.381574120057471,mp-7500,4,4.0
CsK2Sc(PO4)2,6.0410699999999995,-2.943092079888634,mp-8564,4,5.0
CsI2Br,2.32968,,mp-504641,4,2.0
CsAu3Se2,2.90467,-0.540020384687499,mp-9386,4,2.0
RbSbO2,2.93496,-1.864373579375,mp-10418,4,2.0
P4Ru,1.39165,,mp-504443,4,1.0
Na2SeO4,4.8308800000000005,-1.750063777157477,mp-5141,4,4.0
Ag2CO3,0.951993,-1.089499118055555,mp-4691,4,0.0
Ca2PI,2.22322,-1.503881859910714,mp-23040,4,2.0
TlV3O8,2.11701,-2.191476307361112,mp-18996,4,1.0
TaCuS3,0.716238,-1.065123988466663,mp-3102,4,0.0
SrLaI4,0.860706,,mp-505793,4,0.0
BaBiClO2,3.94628,-2.409013681000001,mp-552806,4,3.0
RbLa(WO4)2,4.12884,,mp-19680,4,3.0
KYO2,1.29088,-3.075378259312499,mp-8409,4,1.0
Na2SnF6,6.92856,,mp-8811,4,6.0
Sr2Ta2O7,3.85005,-3.499442949515151,mp-12286,4,3.0
As2SO6,5.15285,-1.684100125833333,mp-27230,4,4.0
Na3BO3,4.90903,,mp-510256,4,4.0
Na10SrSn12,0.964524,-0.327452061739131,mp-30253,4,0.0
Cs2O2,3.39726,-1.224223352327586,mp-7896,4,3.0
MgO,5.92558,-3.03830917,mp-1265,4,5.0
PNCl2,5.12932,-0.964179975119048,mp-23375,4,4.0
Ba2Nb6Te2O21,3.31729,-2.85137372155914,mp-16998,4,3.0
K2ZnTe2,2.35989,-1.035780234566666,mp-12535,4,2.0
Ti(SeO3)2,3.5485900000000004,-1.9756995158912032,mp-29260,4,3.0
K6Si2O7,5.51517,-2.478708671899999,mp-30990,4,5.0
Ag2PdCl4,1.49824,-0.5746215314285701,mp-28557,4,1.0
Hg3(TeBr)2,2.02223,-0.612633355119052,mp-27853,4,1.0
GeS2,2.84965,-0.6599310905555551,mp-542613,4,2.0
TlCl2,2.6381799999999997,-1.225642896111116,mp-27205,4,2.0
Pd(SCl3)2,2.17699,-0.334805538958333,mp-28174,4,2.0
KSnAs,0.6939679999999999,-0.385741971583333,mp-3481,4,0.0
Ba3(Si2P3)2,1.01892,-0.6559744659890101,mp-27887,4,0.0
Mg3Sb2,0.714949,-0.421186031,mp-2646,4,0.0
FeSi,0.274855,-0.475979366249999,mp-871,4,0.0
RbSbS2,2.4082399999999997,,mp-15366,4,2.0
Ba(MgSb)2,1.23712,-0.8334507839999981,mp-9567,4,1.0
Te2Mo,1.02948,-0.307371766666667,mp-602,4,0.0
Rb4CdBr6,3.919,-1.823142556363636,mp-28315,4,3.0
K2CuP,1.88414,-0.426590162619048,mp-8446,4,1.0
CsCu3O2,2.2296799999999997,-0.969435053275862,mp-553303,4,2.0
CdF2,4.30178,-2.457565739999999,mp-241,4,4.0
LiGaBr3,3.3851799999999996,-1.419440549666665,mp-28327,4,3.0
PbWO4,2.99161,,mp-540719,4,2.0
ZrTlCuSe3,0.774616,-1.092194374227433,mp-7050,4,0.0
Tl6SeI4,3.00938,-0.772034905667617,mp-28517,4,2.0
Cs2PtC2,2.15146,-0.05227855586207,mp-505825,4,2.0
ScSbPt,0.5197269999999999,-1.170172001666664,mp-7173,4,0.0
BPS4,2.96223,-0.645372425634919,mp-27724,4,2.0
YIr,0.223633,-0.7990102449999991,mp-30746,4,0.0
RbCuSe4,1.54504,-0.7226372223958291,mp-18365,4,1.0
NaLi2Sb,1.43852,-0.7055747683333331,mp-5077,4,1.0
Zn(RhO2)2,1.52747,-1.30145586428571,mp-5146,4,1.0
BaIF,5.0336300000000005,-3.146598396666661,mp-22951,4,4.0
SrF2,9.00925,-4.20881278,mp-981,4,7.0
KAg3Se2,0.463036,-0.566161854489581,mp-9782,4,0.0
HfNCl,3.53693,-2.150861657083332,mp-541911,4,3.0
NaSi,1.69407,-0.069361268125,mp-2402,4,1.0
K2NaGaP2,2.06809,-0.443367235444169,mp-9666,4,1.0
HgF2,2.16107,-1.572511545833333,mp-8177,4,2.0
NaBeAs,1.793,-0.37968383295977,mp-9573,4,1.0
K2NaAlP2,2.54596,-0.69576564390873,mp-9068,4,2.0
BaHgS2,1.45591,-1.404814385624999,mp-28007,4,1.0
TlNO3,3.74194,-0.9875068636666692,mp-5915,4,3.0
Li3BS3,3.70166,-1.253047447023808,mp-5614,4,3.0
TaAgS3,0.100123,-0.9555403932999992,mp-5821,4,0.0
K2AlF5,9.40236,-3.50936397743751,mp-9486,4,7.0
SnF2,3.76902,-2.370105079166668,mp-7457,4,3.0
Ba2TaN3,3.01918,-1.252087564555554,mp-17400,4,2.0
RbGaCl4,5.40792,-1.9096313833333332,mp-30231,4,5.0
Li3BN2,4.13524,-1.006785902916667,mp-5001,4,3.0
Rb2VCuS4,1.6579000000000002,-1.280063318124999,mp-15219,4,1.0
SrTe,2.3415100000000004,-2.0176923,mp-1958,4,2.0
RbGa3,0.421737,-0.168806849166666,mp-31493,4,0.0
CsRb2PdF5,2.82734,-2.514136872739464,mp-8202,4,2.0
P2Rh,0.337439,-0.7267235144841251,mp-15953,4,0.0
Cs2HfF6,9.30291,-3.7293915677777782,mp-13948,4,7.0
CsAgO,2.4611300000000003,,mp-14579,4,2.0
CsNbN2,2.2294,-0.911045832413794,mp-8978,4,2.0
Zr4Cd(PO4)6,4.88688,-3.1100284162244898,mp-541299,4,4.0
CsCaBr3,5.550050000000001,-2.304029258931034,mp-30056,4,5.0
Na3TlO2,2.6334299999999997,-1.336874567911876,mp-29454,4,2.0
CdHgO2,1.05133,-1.024806805625,mp-9146,4,0.0
NaTaN2,1.17922,-1.139296941208332,mp-5475,4,1.0
GeTe,0.744649,-0.035467995000001,mp-938,4,0.0
Rb3Sn4Au,1.0203,-0.3368500484375,mp-17401,4,0.0
LaRhO3,0.883969,-2.545009926000001,mp-5163,4,0.0
Sr(BiO2)2,3.34432,-2.111014762857145,mp-29048,4,3.0
Cr2Ag2O7,1.62969,,mp-504441,4,1.0
InAgO2,1.4488800000000002,-1.392166444583322,mp-22660,4,1.0
Li2MnO3,0.0939021999999999,-2.180112729932952,mp-18988,4,0.0
V4As2O13,0.107207,,mp-32447,4,0.0
YN,1.17401,-1.999617329374999,mp-2114,4,1.0
CuBiS2,1.02221,-0.347393063281248,mp-22982,4,0.0
SrHfO3,5.7403900000000005,-3.8123649239999993,mp-3378,4,5.0
Ca(AsO3)2,4.26022,-2.227475808333333,mp-4555,4,4.0
Al2CdS4,3.33481,-1.147233041607143,mp-5928,4,3.0
La3Ga5SnO14,4.4326099999999995,-2.832190112065217,mp-6788,4,4.0
Na3GeSe3,2.2583200000000003,-1.060587030167025,mp-18411,4,2.0
K2BeO2,4.80358,-2.1003341254,mp-27915,4,4.0
Sr(CuO)2,2.42782,-1.662393840999998,mp-13900,4,2.0
As2Se3,1.75903,-0.139482853937499,mp-909,4,1.0
RbPbI3,2.91199,-1.235946820000001,mp-23517,4,2.0
PtBr3,1.23857,-0.6577550981249981,mp-23165,4,1.0
Ca2ZnN2,1.54388,-0.848958886000002,mp-8818,4,1.0
P10Au7I,0.922167,-0.143710699523808,mp-27370,4,0.0
C,0.2878759999999999,0.003121854999999,mp-48,4,0.0
ZrPbF6,6.1911000000000005,-3.510055982500001,mp-7310,4,5.0
Rb2SnSe3,2.30658,-1.137568621171873,mp-9145,4,2.0
TlBr2,2.27679,,mp-504527,4,2.0
Tl2PdCl4,1.46265,-1.177903445238097,mp-29889,4,1.0
AlCuTe2,1.62124,-0.425194206250001,mp-8017,4,1.0
Li2GeF6,7.396850000000001,-3.016499819629629,mp-7791,4,7.0
Sr3(GaN2)2,2.37295,-0.7975283000000011,mp-16945,4,2.0
LiBiF6,3.80939,-2.312456967708334,mp-27419,4,3.0
RbAuBr4,1.7431800000000002,,mp-510267,4,1.0
VAg3O4,1.31763,-1.242050435624999,mp-18889,4,1.0
Ti(PS3)2,1.8985,-0.9187834819576712,mp-13666,4,1.0
CsMgBr3,5.2733,-1.9732418849310351,mp-29750,4,5.0
Na2PdS2,1.40632,-0.992209108124998,mp-10223,4,1.0
K2TeO3,4.220899999999999,-1.860969372694443,mp-8724,4,4.0
CaMoO4,3.90723,-2.639627267500002,mp-19330,4,3.0
Tl3AsS3,1.76328,-0.522284857321434,mp-9791,4,1.0
Na2SbAu,0.95073,-0.549332992499998,mp-7774,4,0.0
LaAlO3,5.311649999999999,-3.722193366,mp-2920,4,5.0
NaTlO2,1.43571,-1.417691698678162,mp-3056,4,1.0
BaTi(BO3)2,3.71218,-3.223730964166665,mp-11659,4,3.0
RbBiO2,2.95599,-1.694015584375,mp-29521,4,2.0
SiS2,3.85276,-0.7497998852083321,mp-1602,4,3.0
YClO,6.088439999999999,,mp-504786,4,5.0
Al2ZnO4,4.68114,-3.021072628571429,mp-2908,4,4.0
K2TeS3,2.88784,,mp-505556,4,2.0
CaAlF5,9.40619,-4.010018601428571,mp-8836,4,7.0
Ca(SbO3)2,3.81313,-2.370946821111111,mp-9125,4,3.0
Li2PdF6,2.51841,-2.285658211481482,mp-13985,4,2.0
K2GeF6,7.72342,-3.031289993277775,mp-14168,4,7.0
RbCuPdSe5,1.24334,-0.722680079277343,mp-11115,4,1.0
NaCSN,4.86402,-0.460637932265624,mp-6633,4,4.0
Li2ZnGe,0.175198,-0.322400300416666,mp-12411,4,0.0
RbAsO2,4.52971,-1.863198834375,mp-30299,4,4.0
RbPb,0.862655,-0.217142026562501,mp-21525,4,0.0
Cu3PS4,1.68759,-0.362578313028272,mp-3934,4,1.0
Bi4RuBr2,0.764532,-0.469311149285715,mp-541772,4,0.0
CdSb,0.13595,-0.095869849374999,mp-1321,4,0.0
Li2ZrN2,2.43104,-1.362267603166667,mp-3216,4,2.0
Cs2NaAl3F12,9.23135,-3.653021051149425,mp-12309,4,7.0
Li2ZnSiO4,4.72875,-2.641684768020833,mp-17288,4,4.0
Zn(InTe2)2,1.0591,-0.61450366857143,mp-20832,4,0.0
KZnPO4,5.29613,-2.50704106562755,mp-18591,4,5.0
LiMgAs,1.75404,-0.8998631680555551,mp-12558,4,1.0
CsNaTe,3.06809,-1.229981633333333,mp-5339,4,2.0
NaBrO3,5.31254,-0.9990614762758612,mp-23339,4,5.0
Na2Te,2.933,-1.127802620000001,mp-2784,4,2.0
BN,5.52746,-1.407274898125001,mp-984,4,5.0
Tl3PO4,3.44392,-1.894393925580359,mp-5709,4,3.0
AuClO,1.22205,-0.598648675555555,mp-27265,4,1.0
ZnTe,1.29849,-0.6841630333333321,mp-2176,4,1.0
SiCl4,6.75588,-1.351781889000001,mp-28391,4,6.0
Ag3SbS3,1.45968,-0.19799694549107,mp-4515,4,1.0
B,1.39114,0.0,mp-160,4,1.0
LiBiO3,0.811466,-1.635298933416667,mp-29077,4,0.0
TiTl2O3,2.7936799999999997,-2.254204047916664,mp-17986,4,2.0
SrZn2(PO4)2,5.18275,-2.727579975137362,mp-8810,4,5.0
Cd(RhO2)2,1.45126,-1.207960801428568,mp-14100,4,1.0
Mg3NF3,4.998189999999999,-2.776635056428568,mp-7604,4,4.0
Al4(B2O5)3,7.15567,,mp-510509,4,6.0
NaClO4,7.30823,-1.004299429396551,mp-22968,4,7.0
Rb(SbSe2)2,1.37683,-0.767052543124999,mp-9798,4,1.0
K3Sc(PO4)2,6.24475,-2.947518911383502,mp-17035,4,6.0
K2AgP,1.91836,-0.438985358869047,mp-9778,4,1.0
Ga4GeO8,3.1175900000000003,-2.232362397307692,mp-29455,4,2.0
Ca(AuF6)2,2.3490900000000003,-1.586015681333335,mp-28153,4,2.0
Ba2Ga2S5,3.55556,-1.668080664166666,mp-18421,4,3.0
BaMoO4,4.55001,-2.654552259166666,mp-19276,4,4.0
NaCuO2,1.17749,-1.362515704094827,mp-4541,4,1.0
K2W2O7,2.67446,-2.283939672227272,mp-19037,4,2.0
Li2TeO3,4.25188,-2.021365671805556,mp-27231,4,4.0
BaSnF6,6.6376599999999994,-3.396749804374999,mp-8290,4,6.0
NaCNO,5.9594,-1.205901649094827,mp-546500,4,5.0
BaClF,7.004569999999999,-3.6019593516666673,mp-23432,4,6.0
Te2I,0.872866,-0.184892815277773,mp-27655,4,0.0
KBaPS4,3.12998,-1.469412471341834,mp-17088,4,2.0
K3VO4,4.38383,-2.256743943968749,mp-19052,4,4.0
Na3SbO4,3.53853,-1.99851067864224,mp-7404,4,3.0
CaCrO4,2.67455,-2.43201730833334,mp-19215,4,2.0
ZrSO,3.31262,-2.847103474999998,mp-3519,4,3.0
Na4I2O,3.83509,-1.469234532931035,mp-22937,4,3.0
LiGaS2,3.52659,-1.276875432708333,mp-3647,4,3.0
Ba(MgP)2,1.63891,-0.918071875857142,mp-8278,4,1.0
Sr2SiO4,5.90064,-3.422024718214281,mp-18510,4,5.0
BaTiOF4,4.57579,-3.9288870872619057,mp-16915,4,4.0
Cs2Pd(IBr2)2,1.10026,-1.271828721034483,mp-543024,4,0.0
CuSbS2,1.35702,-0.304567238906249,mp-4468,4,1.0
Ag3Te2Au,0.5548759999999999,-0.105850737500001,mp-5710,4,0.0
In6Ge2PtO9,1.61528,-1.751959449166666,mp-22186,4,1.0
Tl2PtCl6,2.13381,,mp-504695,4,2.0
K2Te2As,1.36148,-0.8438403913166671,mp-29380,4,1.0
ZrCl2,1.0966300000000002,-1.87860569,mp-23162,4,0.0
TlAuCl4,1.9818,-0.99616455138889,mp-28368,4,1.0
K2NaGaAs2,1.56789,-0.486465798896552,mp-9676,4,1.0
Rb2Pt3S4,1.912,-0.9379258116666632,mp-4030,4,1.0
TlBF4,6.8884799999999995,,mp-510136,4,6.0
CaPSe3,2.55433,-1.051984898032739,mp-11007,4,2.0
RbH2OF,7.58212,-1.926427589,mp-23700,4,7.0
Si2Os,1.2313900000000002,-0.4983536825,mp-17123,4,1.0
PtI2,1.5258900000000002,-0.415801788333337,mp-28319,4,1.0
Na3BiO4,1.93344,-1.7188922086422411,mp-27345,4,1.0
KZrCuS3,1.25823,-1.507553859125,mp-9317,4,1.0
CuSe2Br,1.35549,-0.584083218046874,mp-29567,4,1.0
WO3,2.00204,-2.183839005624999,mp-510417,4,1.0
AuSeBr,0.652439,-0.490861640364582,mp-27199,4,0.0
KLiSe,3.55375,-1.363654572642361,mp-8756,4,3.0
Cd(IO3)2,4.0142,-1.023053216388888,mp-27640,4,3.0
Hg(AuF4)2,2.3224899999999997,-1.292650168863637,mp-29170,4,2.0
SrCuP,0.474651,-0.8173132265476171,mp-16321,4,0.0
CdP2,1.72258,-0.181319395734126,mp-913,4,1.0
BaAl2Sb2O7,3.85522,-2.768880493749999,mp-12885,4,3.0
NOF,4.06032,,mp-505726,4,3.0
PdF4,1.39448,-1.320648856999999,mp-13868,4,1.0
NaNbSe2,0.8375130000000001,-1.184083910781248,mp-7939,4,0.0
TaTl3S4,3.21411,-0.9307974334166692,mp-7562,4,3.0
Sr4I6O,4.347390000000001,-2.185332644090906,mp-29910,4,4.0
ScBrO,4.65049,-3.195286243333331,mp-546279,4,4.0
LiZnAsO4,4.0309099999999995,-1.9991775020238092,mp-18048,4,3.0
KLi2As,1.3951900000000002,-0.581931216604166,mp-28994,4,1.0
K2NaInAs2,1.35197,-0.473017237090997,mp-21510,4,1.0
Sr2YSbO6,4.76974,-3.095266208000001,mp-12878,4,4.0
Zr2SN2,1.36572,-1.8886792975,mp-11583,4,1.0
Rb3TaS4,3.37534,-1.527510968104166,mp-17220,4,3.0
LaNbO4,5.02707,-3.557872843333335,mp-5295,4,4.0
Tl2TeS3,1.6365,-0.459177100555557,mp-17172,4,1.0
Li2GePbS4,2.78246,-1.061876898958332,mp-19896,4,2.0
KAgO,2.4598899999999997,,mp-8660,4,2.0
HfBrN,0.9852,-2.00116077666667,mp-30302,4,0.0
Ca2Hf7O16,5.49607,-3.938458758399999,mp-27221,4,5.0
SrCaPb,0.490373,-0.58163957583333,mp-21166,4,0.0
PBr3,3.86779,-0.7874999842857141,mp-27257,4,3.0
K2NaAlAs2,1.93858,-0.554715968479885,mp-9069,4,1.0
Ta2O5,4.20079,-3.346563131380951,mp-10390,4,4.0
CaMgAsO4F,5.1493,-2.885291694687499,mp-7035,4,4.0
SnF3,3.36944,-2.533785512499999,mp-8289,4,3.0
Ba2SnS3F2,2.92677,-2.481345934375,mp-17918,4,2.0
LaI3,2.63785,-1.83098206,mp-27979,4,2.0
Te,0.530833,0.0,mp-19,4,0.0
Sb,0.139434,0.0,mp-104,4,0.0
K2ZnBr4,4.51262,-1.72332079992857,mp-23535,4,4.0
Ba(BrO3)2,5.16587,,mp-505008,4,4.0
K2PtCl4,2.59731,-1.507347296785714,mp-22934,4,2.0
MgTe,3.03883,-1.071546200833333,mp-1039,4,2.0
NaGaBr4,4.21797,,mp-505084,4,4.0
LiCaSb,1.12098,-1.006045865277776,mp-16264,4,1.0
SrCdP2O7,4.72397,-2.802720797662336,mp-17693,4,4.0
Rb2Te5,0.604443,-0.539628082619048,mp-31002,4,0.0
TlBO2,3.77597,-2.193856436875002,mp-28244,4,3.0
Cs2Sn(GeO3)3,3.70655,-2.16407378662069,mp-540707,4,3.0
KBe3ZnF9,8.0755,-3.311582430160715,mp-18509,4,7.0
GaCuTe2,0.543702,-0.346341944999998,mp-3839,4,0.0
CoPSe,0.6748869999999999,-0.6121159002455361,mp-10368,4,0.0
Rb5SiAs3,1.21695,-0.385169219166666,mp-17490,4,1.0
Tl3BO3,1.97778,-1.644411222023815,mp-4584,4,1.0
AlN,4.53206,-1.679672171874999,mp-661,4,4.0
CsSbF6,6.681430000000001,-2.922387598706896,mp-9636,4,6.0
BaCN2,4.369470000000001,-0.917146265416666,mp-28898,4,4.0
NaP,1.39483,-0.499863119613094,mp-7440,4,1.0
Ba(ScTe2)2,0.896458,-1.642161534523812,mp-17501,4,0.0
Ba2GeP2,0.789106,-0.8507398508571411,mp-8194,4,0.0
Ba2GeAs2,0.718144,-0.889334313500002,mp-8195,4,0.0
P2Pd,0.6415639999999999,-0.42824703142857,mp-28266,4,0.0
SrMg2N2,2.4843800000000003,-0.826653964,mp-10550,4,2.0
BaLa2BeO5,5.23231,-3.4875613502777782,mp-18414,4,5.0
LiGaBr4,4.11307,-1.4556034968055551,mp-28326,4,3.0
MgBr2,5.50091,-1.8537068016666651,mp-30034,4,5.0
LiGaCl3,4.21932,-1.508966738583333,mp-29344,4,4.0
RbGeIO6,3.3506799999999997,-1.520279379722222,mp-549697,4,3.0
Na5SnP3,1.70079,-0.490688229880952,mp-18317,4,1.0
SiSe2,2.90573,-0.507960916041665,mp-22142,4,2.0
AgNO3,2.6357199999999996,-0.6806635453333341,mp-552185,4,2.0
TlInS2,1.04164,-0.7771798081250011,mp-20042,4,0.0
SrMoO4,4.2492600000000005,-2.664873142499999,mp-18834,4,4.0
BaTeO3,3.22145,-2.357057434333336,mp-5431,4,3.0
OsO4,3.63527,-1.528394766999996,mp-540783,4,3.0
CsBr3,2.60839,,mp-504635,4,2.0
Ca3PN,1.70692,-1.205423485345237,mp-11824,4,1.0
BaYAgTe3,1.31391,-1.4644986619444431,mp-10337,4,1.0
Mg2As2O7,4.22063,-2.276241102727271,mp-5618,4,4.0
CsSnCl3,3.49016,-1.577583273000002,mp-27394,4,3.0
CsCOF3,8.39232,-2.328574122025864,mp-14734,4,7.0
LaBrO,5.25014,-3.411858679999999,mp-23023,4,5.0
LiAl(MoO4)2,4.10167,-2.351329154027778,mp-19209,4,3.0
PCl3,4.70096,-0.7302945176190471,mp-23230,4,4.0
Ba3In2F12,6.324649999999999,-3.569621799313725,mp-28274,4,6.0
Na2Ca(PO3)4,6.82029,-2.799806669280529,mp-541522,4,6.0
RbCdBr3,3.34897,,mp-504529,4,3.0
WS2,1.69121,-0.8835800085416661,mp-224,4,1.0
MgCl2,7.00506,-2.255449848333333,mp-23210,4,6.0
Cs2Pd3S4,1.68586,-0.8843507479166671,mp-510268,4,1.0
MgB9N,2.05525,-0.440278225568182,mp-30091,4,1.0
Ge2N2O,3.26044,-0.817928909,mp-4187,4,3.0
Rb2O2,3.71093,-1.23299356125,mp-7895,4,3.0
Sc4C3,0.8208179999999999,-0.6238872749999991,mp-15661,4,0.0
Ba(InTe2)2,1.24402,-1.017688293571426,mp-21183,4,1.0
KHCO3,6.78481,-1.881473091416667,mp-23724,4,6.0
LiVO3,3.4501,-2.427194401166667,mp-19440,4,3.0
Cs2SiP2,2.04665,-0.5966127281904761,mp-8932,4,1.0
BaSiO3,6.01029,-3.3819813555,mp-7339,4,5.0
InAgTe2,0.168439,-0.376113977500001,mp-22386,4,0.0
La2CoIrO6,0.648239,-2.5306732215,mp-18862,4,0.0
Ag2BiO3,0.735476,-0.917311270555552,mp-23558,4,0.0
CaN6,4.09604,-0.233358019642858,mp-676,4,3.0
Cd(GaSe2)2,1.66368,-0.8853534391964281,mp-3772,4,1.0
LaVO4,3.63791,-3.224557474166666,mp-19162,4,3.0
CsCu2Br3,2.74417,-1.063013854942529,mp-23017,4,2.0
Al2HgSe4,1.73018,-0.825231304821429,mp-3038,4,1.0
Tl2SiF6,5.99284,-2.836305280555557,mp-5033,4,5.0
K3Na(SeO4)2,5.01216,-1.791742020201201,mp-17839,4,4.0
Rb2TeCl6,3.02068,-1.681574540185184,mp-22975,4,2.0
BeSe,3.0292399999999997,-1.029387863671874,mp-1541,4,2.0
Na2CuAs,1.38196,-0.469448538125,mp-15685,4,1.0
Na3Sb,1.1396700000000002,-0.5695521887499999,mp-7956,4,1.0
HgPb2(ClO)2,2.79625,-1.356247624642857,mp-546862,4,2.0
Ba2ZnO3,3.77042,-2.534313652916667,mp-17911,4,3.0
Ca3AsN,1.7628499999999998,-1.292340810249999,mp-4192,4,1.0
Ca2Sb,0.510827,-0.945407756666666,mp-9925,4,0.0
K2In3AgSe6,1.60603,-0.9816662723107632,mp-21705,4,1.0
K2GeSe3,2.24742,-1.096713106088544,mp-9692,4,2.0
YCuPbS3,2.36004,-1.346010115833332,mp-542802,4,2.0
K2PdF4,2.66948,,mp-504853,4,2.0
CsBr,5.5743100000000005,-2.051713427327584,mp-22906,4,5.0
LiCaAlF6,9.76314,-3.870292022592592,mp-6134,4,7.0
LiBr,5.81275,-1.825998821666666,mp-23259,4,5.0
GeAs,0.790913,-0.060294584583334,mp-9548,4,0.0
NbI5,1.14194,-0.7311326595833311,mp-31487,4,1.0
K2SrTa2O7,3.40455,-3.146543844513889,mp-7148,4,3.0
LiBiO2,2.75431,,mp-504893,4,2.0
Cs2P3,1.28482,-0.585892831785713,mp-14652,4,1.0
K2Zn3O4,2.54806,,mp-504936,4,2.0
K2TeSe3,2.32152,,mp-504959,4,2.0
CaCO3,6.36725,-2.687544458,mp-3953,4,6.0
PtS,0.871418,-0.5334567439062461,mp-288,4,0.0
LaAsO4,5.30436,-2.852417035416668,mp-4917,4,5.0
Cs2SiF6,9.67896,-3.389468809444444,mp-4047,4,7.0
Na2PtSe2,1.32552,-0.974080661624998,mp-14588,4,1.0
CaAgP,0.0998112,-0.8588143732142851,mp-12277,4,0.0
BaAgTeF,2.05671,-2.183376328333333,mp-16742,4,1.0
Li2ZrF6,8.648909999999999,-3.689010635370369,mp-4002,4,7.0
YSbPt,0.151526,-1.36478389666666,mp-4964,4,0.0
Na3GaSe3,3.01251,-1.160565190167024,mp-17148,4,2.0
KGaTe2,1.6102,-0.903429579520833,mp-17965,4,1.0
LiBC,1.46561,-0.374308039166667,mp-9244,4,1.0
Ca(PIr)2,0.475293,-1.017184773190479,mp-11168,4,0.0
Ge3N4,2.4796199999999997,-0.192389701428573,mp-13852,4,2.0
Sr3(GeAs2)2,1.12537,-0.9451046286111092,mp-17504,4,1.0
BaPSe3,2.59259,-1.294053817834819,mp-11008,4,2.0
CsYCdSe3,2.5998099999999997,-1.580625101947736,mp-11116,4,2.0
K2Se5,1.27748,-0.569201022674107,mp-18609,4,1.0
VHgO3,2.22043,,mp-541588,4,2.0
CsS,2.7510700000000003,-1.107907756406248,mp-29266,4,2.0
GaAgS2,1.54578,,mp-5343,4,1.0
MoCl3,0.179824,-0.9998242821875,mp-22853,4,0.0
KNa2BO3,4.84242,-2.2572514841678992,mp-8263,4,4.0
BaSn(GeO3)3,3.95343,-2.35182028357143,mp-540635,4,3.0
NaSc(GeO3)2,4.70848,-2.636928682137931,mp-8054,4,4.0
Ba(CdP)2,0.936522,-0.5651984778571381,mp-8279,4,0.0
YPO4,7.17816,-3.477044902440459,mp-5132,4,6.0
Na2B2Se7,1.91013,-0.713530352954381,mp-5004,4,1.0
Sr3GaO4F,4.92274,-3.112585204722221,mp-6509,4,4.0
LiAlSi,0.296569,-0.191268167777777,mp-3161,4,0.0
K3Ta3Si2O13,4.1536800000000005,-3.154895519940477,mp-16855,4,3.0
KCuSe,0.872462,-0.830537769864582,mp-7435,4,0.0
BaTiO3,3.65187,-3.492236987666666,mp-5020,4,3.0
PtS2,1.55493,-0.440054991874996,mp-762,4,1.0
Ba2HfS4,1.57315,-2.208330561428571,mp-9321,4,1.0
CuSe2O5,0.15713,-1.133686287460938,mp-3199,4,0.0
P2S5,3.21858,-0.215660227502126,mp-541788,4,3.0
Li4MoO5,3.23087,-2.261947287833334,mp-19117,4,3.0
RbI3,2.19226,-1.074112831874999,mp-28328,4,2.0
CsAu,2.37819,-0.360558844999999,mp-2667,4,2.0
Rb2VAgS4,1.75107,-1.206550812083332,mp-8901,4,1.0
CsPbI3,2.9716199999999997,-1.263226744931036,mp-540839,4,2.0
K2ZnF4,6.12648,-2.858067956357142,mp-9583,4,5.0
RbAuO,2.42949,-1.067955709166669,mp-10547,4,2.0
CsGaS2,4.02417,-1.23019863640625,mp-5038,4,3.0
TeSeO4,3.64905,-1.348510737335068,mp-29299,4,3.0
NaScO2,5.37019,-3.190776871594827,mp-7914,4,5.0
CsMgH3,4.33126,-0.318075596681035,mp-23751,4,4.0
ZnPdF6,2.1091,-1.9802847675,mp-13983,4,1.0
Ba2PdF6,2.35379,,mp-505621,4,2.0
SnTe,0.536519,-0.265049880000002,mp-1883,4,0.0
NaVO3,3.71718,-2.375747678275863,mp-19083,4,3.0
ZnGeP2,1.4206800000000002,-0.275104891488094,mp-4524,4,1.0
CdS2O7,5.20654,-1.771557907499998,mp-17586,4,5.0
KAgF4,2.25723,-2.027953733152777,mp-7387,4,2.0
PbO,2.2697,,mp-20442,4,2.0
NaAgO,1.97901,-1.036896748515321,mp-6983,4,1.0
Rb2Sn2O3,1.83496,-1.720435254285714,mp-7863,4,1.0
Rb2Si3SnO9,5.08071,-2.86547719,mp-17382,4,4.0
Cd2B2O5,3.37114,-2.233278833703705,mp-7210,4,3.0
KAuF6,2.66714,-1.8190603521562492,mp-12442,4,2.0
Ca(RhO2)2,1.2530599999999998,-1.792791924285709,mp-17998,4,1.0
HgSO4,2.17421,-1.470038915833334,mp-3228,4,2.0
FeS2,1.33625,-0.8474769699999981,mp-1522,4,1.0
Na4CoO4,0.165268,,mp-31593,4,0.0
K3FeO3,0.262907,-1.634728775964275,mp-504570,4,0.0
Li3P,1.27675,-0.809360786994047,mp-736,4,1.0
Ba10P6SO24,4.97678,-3.260354025740417,mp-16990,4,4.0
Tl2ZnI4,3.2974,-0.8696858452380951,mp-30532,4,3.0
Li2TiF6,6.118270000000001,-3.530037228333332,mp-7603,4,5.0
Na3P,1.32434,-0.461604223244047,mp-1598,4,1.0
TlIO3,3.48369,-0.968889334666667,mp-22981,4,3.0
MgO2,4.783270000000001,-2.010695488333333,mp-2589,4,4.0
RbPb2Br5,3.71479,-1.484788659687499,mp-23043,4,3.0
Zn3S2O9,4.3185,-1.8603299907142852,mp-30986,4,4.0
Ca6GaN5,1.57017,-0.9844566178125,mp-17875,4,1.0
MgSO4,7.11346,-2.402174846249999,mp-7572,4,6.0
AlTlF4,5.21178,-3.254028930000002,mp-3751,4,5.0
K3V5O14,2.74836,,mp-540787,4,2.0
K2NiAs2,1.026,-0.406948084900001,mp-9673,4,0.0
KSb2,0.547256,-0.391620364583332,mp-29055,4,0.0
ZnP4O11,6.03166,-2.479171899441964,mp-15438,4,5.0
Ba4NaCu(CO5)2,1.57832,-2.459740442854406,mp-6841,4,1.0
BaHf(PO4)2,6.613569999999999,-3.350602843273808,mp-545548,4,6.0
PAuS4,1.6524100000000002,-0.211740808204363,mp-30938,4,1.0
CsAu3S2,3.30098,-0.5690842609375011,mp-9384,4,3.0
NaZr2ZnF11,7.90424,-3.63565080175862,mp-15141,4,7.0
PbClF,4.43308,-1.982853677499998,mp-22964,4,4.0
LiCaN,2.0472,-0.7978766309722221,mp-31468,4,1.0
Na4Hf2(GeO4)3,5.13974,-2.680678868834153,mp-14526,4,4.0
Zn4B6O13,4.47262,-2.5115879147826092,mp-4812,4,4.0
Na3BiO3,3.64022,-1.711620799519704,mp-27914,4,3.0
K3Ta3(BO6)2,3.93215,-3.055646548604166,mp-9870,4,3.0
Cs2PtI6,0.935063,-1.070568932145593,mp-23060,4,0.0
PtPbF6,2.4568600000000003,-1.9420238949999984,mp-20458,4,2.0
Rb2Zn3O4,2.52925,,mp-505501,4,2.0
RbAs,1.0379500000000002,-0.417557193125,mp-10802,4,0.0
Cs2NaAsO4,5.15586,-2.026449079148707,mp-8314,4,4.0
LaOF,6.06955,-4.256614436666667,mp-7100,4,5.0
KSrPO4,6.67102,-3.0583612888418372,mp-17975,4,6.0
Cs2O,1.67234,-1.180246544770117,mp-7988,4,1.0
GeO2,4.31649,-2.077072867222222,mp-733,4,4.0
KScO2,5.438479999999999,-3.093135745562499,mp-8188,4,5.0
NaScCl4,5.10724,-2.244927959166666,mp-29432,4,4.0
K2CuAs,1.88553,-0.3349658455,mp-15684,4,1.0
RbLa(MoO4)2,4.37018,,mp-19687,4,4.0
Ba3BAsO3,2.37396,-2.533021692708333,mp-9793,4,2.0
Na2AgAs,1.43092,-0.476849584375001,mp-8411,4,1.0
Li2TiGeO5,4.820819999999999,-2.715895492777778,mp-13182,4,4.0
Ba2InO3F,2.95279,-2.866102289523809,mp-19956,4,2.0
CaBiClO2,4.219720000000001,-2.432455363,mp-553025,4,4.0
KNb(CuSe2)2,1.77489,-0.964863645828124,mp-6599,4,1.0
CsCaF3,8.914950000000001,-3.715830655999998,mp-7104,4,7.0
SrCrO4,3.02109,,mp-542885,4,2.0
KLi6TaO6,5.51372,-2.489586058898809,mp-9059,4,5.0
Ta3N5,1.98495,-1.286734426343752,mp-27488,4,1.0
K2ZrGe2O7,5.16105,-2.6008527645416653,mp-16871,4,4.0
LiInI4,2.66508,-0.999954962916666,mp-541001,4,2.0
SiF4,10.0707,-3.306972093,mp-1818,4,7.0
RbAgO,2.4480500000000003,-0.9997084205555552,mp-8603,4,2.0
Ga10GePb3O20,3.83438,-2.146252935588236,mp-504827,4,3.0
CsCuO,2.39794,-1.185304593218391,mp-541037,4,2.0
KV(CuS2)2,1.42216,-1.068431111531248,mp-6376,4,1.0
ZnCN2,4.13153,-0.166211495624999,mp-29826,4,3.0
Sr3P4,1.24722,-1.107893037414965,mp-14288,4,1.0
LiNbO3,4.4036800000000005,-2.899517651666666,mp-3731,4,4.0
Sr4P2O,1.93798,-1.633793929183673,mp-8298,4,1.0
Cs2Au2Se3,1.90981,-0.7905192645982141,mp-29194,4,1.0
K2WO4,5.4261099999999995,-2.256356684214285,mp-18780,4,5.0
AlPO4,7.24896,-3.120438762440476,mp-7848,4,7.0
CsBrF,3.05799,-1.9530576498850571,mp-22935,4,2.0
KZnP,1.43175,-0.576517767242063,mp-7437,4,1.0
Ba4Sb2O,1.22424,-1.651222050714283,mp-9774,4,1.0
K2As2Pd,1.2349,-0.5044637069000001,mp-8147,4,1.0
KAg(NO3)2,3.38816,-1.053053297391665,mp-18429,4,3.0
Rb2TiCl6,3.0064,-2.212134663148147,mp-27827,4,2.0
AlClO,6.72949,-2.785187891666666,mp-27863,4,6.0
TiCdO3,3.74835,-2.671460970666666,mp-13641,4,3.0
TlAgSe,0.959589,-0.312412854687498,mp-29238,4,0.0
CsSbO2,3.12101,-1.854186307413794,mp-510273,4,2.0
KCdF3,4.74119,-2.700995697449999,mp-9628,4,4.0
Ti(SnO2)2,1.65093,-2.432151184404761,mp-18288,4,1.0
CsCu2Cl3,3.1298000000000004,-1.097189427916667,mp-23065,4,2.0
Si3Os2,0.810486,-0.468159384250003,mp-16608,4,0.0
BaMgP2O7,6.82852,-3.112968518116882,mp-18343,4,6.0
SO2,3.34384,-1.521880410833333,mp-27726,4,3.0
K2ZrF6,7.853800000000001,-3.655629739388885,mp-5450,4,7.0
Ga2TeSe2,1.9884,-0.6201830866250021,mp-28423,4,1.0
BaZrO3,4.61913,-3.639168969000001,mp-3834,4,4.0
K2Ag4S3,0.564275,-0.599046196770831,mp-7494,4,0.0
Nb2SnO6,1.96933,-2.746150120000032,mp-3324,4,1.0
K2SnSe3,2.21472,-1.119194034421874,mp-9693,4,2.0
ZnCl2,4.78734,-1.291011926666667,mp-22909,4,4.0
ZnPbF6,3.04715,-2.250629001874999,mp-13610,4,2.0
SiAs,1.74026,-0.119684392083333,mp-1863,4,1.0
K3As,1.10332,-0.303323277312499,mp-14018,4,0.0
Cs2ZrF6,8.73484,-3.6710611049999993,mp-7903,4,7.0
KGeNO,3.5313000000000003,-1.2733568555625,mp-6955,4,3.0
RbSc5Te8,0.781343,-1.477729119702379,mp-13336,4,0.0
Cs7Au5O2,2.1934,-0.7007308605418691,mp-510075,4,2.0
LiZnN,0.953316,-0.423469533472221,mp-7575,4,0.0
TlBiTe2,0.682526,-0.520886999166666,mp-27438,4,0.0
RbCuO2,1.49902,-1.357687516875,mp-7467,4,1.0
Na3Sc2(PO4)3,6.6551800000000005,-3.072143810403324,mp-16956,4,6.0
Tl3VO4,3.1555500000000003,,mp-32479,4,3.0
CsSO2F,5.18948,-2.183438854431034,mp-6368,4,5.0
TePb,1.16258,-0.503829899999999,mp-19717,4,1.0
Bi3BrO4,2.96675,-1.612070544999998,mp-29447,4,2.0
Sr2I2O,4.23284,-2.4442030669999992,mp-551203,4,4.0
Ta(ICl)2,1.5067000000000002,-1.3011900074666651,mp-28683,4,1.0
K2TiO3,4.604970000000001,-2.761319902138887,mp-13133,4,4.0
Tl3B3S10,2.43156,-0.6727081101562501,mp-17823,4,2.0
Sr2Si,0.787864,-0.433073036666667,mp-1106,4,0.0
AgHgSI,1.83963,-0.426432127916667,mp-23140,4,1.0
Y2Si2O7,6.17751,-3.658035678636363,mp-5652,4,5.0
NaLiS,4.314439999999999,-1.36703557407088,mp-8452,4,4.0
Li16Ta2N8O,4.0827,-1.056979827888888,mp-14871,4,3.0
Rb2TaAgS4,3.0567,-1.299841390499999,mp-15217,4,2.0
NaPt2Se3,1.3018599999999998,-0.685094324947916,mp-28987,4,1.0
TeAuBr8,1.2194,-0.301280221666667,mp-541134,4,1.0
Sr(ClO3)2,6.05791,,mp-504991,4,5.0
Au2O3,1.3698,-0.457853394999998,mp-27253,4,1.0
Te6Br2O11,3.14218,-1.396229981578947,mp-29251,4,2.0
BaI2,4.1399,-2.050704712499999,mp-23260,4,3.0
Al2CdTe4,1.92114,-0.582113531428575,mp-7909,4,1.0
K2SiF6,9.86332,-3.425675350499996,mp-3042,4,7.0
BaCuTeF,1.26379,-2.130998572916666,mp-13287,4,1.0
Ba2ZnGe2S6O,2.6847,-1.577256675416665,mp-17244,4,2.0
TaCl4F,3.82719,-2.218254436222221,mp-27854,4,3.0
LiP,1.22498,-0.616667199821428,mp-9588,4,1.0
Cs2Se3,1.25445,-0.9840312844375,mp-7449,4,1.0
MgSiN2,4.61087,-1.346008759375,mp-3677,4,4.0
Ca3PI3,2.8520100000000004,-1.683612634591838,mp-27272,4,2.0
GaF3,6.57466,-2.85906879875,mp-588,4,6.0
Li2PtF6,3.08148,-2.3270446503703712,mp-13986,4,2.0
Ga2PbO4,4.12348,-2.070018908571427,mp-20496,4,3.0
TeI,1.29935,-0.264790724583333,mp-23273,4,1.0
LiAuF4,2.6552399999999996,-2.015588653888889,mp-12263,4,2.0
InGaO3,2.3161,,mp-22606,4,2.0
Sr2VN3,2.17551,-1.347565398125001,mp-17012,4,2.0
Rb2TaCuSe4,2.38541,-1.203747837088541,mp-11924,4,2.0
K2B2S7,3.1025,-0.97243509412121,mp-4351,4,2.0
Ba2YTaO6,4.813899999999999,-3.567441034733332,mp-12385,4,4.0
Mg3P2,1.99577,-0.647706519857142,mp-2514,4,1.0
BeBr2,6.23735,-1.399311373333333,mp-30139,4,6.0
KAg2AsO4,1.11805,-1.346676018510416,mp-12015,4,1.0
Ba(AlCl4)2,6.6854,,mp-505755,4,6.0
LiBeN,3.62551,-0.9938989936111112,mp-29463,4,3.0
HfSO,3.67273,-2.958540832500001,mp-7787,4,3.0
Na2Pd3O4,0.6757580000000001,-1.141165042528733,mp-27562,4,0.0
CsGeCl3,2.8615999999999997,-1.710205844931034,mp-22988,4,2.0
TaInO4,4.54164,-2.809075625666668,mp-8979,4,4.0
BaCu2SnS4,1.453,-1.052913258541665,mp-17954,4,1.0
Na4ReN3,3.0628,-0.404659592252155,mp-10419,4,2.0
In2HgS4,0.893977,-0.7316871015476181,mp-22356,4,0.0
Sc2SO2,3.06527,-3.4087673845,mp-7288,4,2.0
CF4,11.7516,-1.904165606,mp-1167,4,7.0
CdSeO3,3.77698,-1.414481231468751,mp-9186,4,3.0
PbCN2,2.5195,0.037617892499998,mp-19727,4,2.0
Ca(CdAs)2,0.534175,-0.569298998999997,mp-7067,4,0.0
AlAs,1.78103,-0.6270427762499999,mp-2172,4,1.0
SCl2,2.8274299999999997,-0.115615843472221,mp-28128,4,2.0
K3Cu3As2,1.95134,-0.29791358959375,mp-14205,4,1.0
Cd2P2O7,3.7319,-2.340521466753244,mp-27686,4,3.0
CoAs2,0.0990832,-0.290117705833334,mp-2715,4,0.0
GaP,1.84124,-0.508916133988096,mp-2490,4,1.0
Pb2OF2,3.5145500000000003,-2.206819075,mp-27355,4,3.0
Sr2SnS3F2,2.68516,-2.467599055312499,mp-17676,4,2.0
K4Zr5O12,4.43614,-3.262750822809523,mp-27377,4,4.0
CsNO2,3.1439899999999996,-1.267775601163792,mp-3288,4,3.0
SeOF2,4.88146,-1.773091713710938,mp-27367,4,4.0
SrGa2(SiO4)2,5.20727,-2.987542761153846,mp-14235,4,5.0
Ag3AsS3,1.62748,-0.156706858705354,mp-4431,4,1.0
BaBAsO5,4.87717,-2.625826847291667,mp-9784,4,4.0
LiClO4,7.25053,-1.008014841805556,mp-30301,4,7.0
KGa3,0.535146,-0.1726160249375,mp-181,4,0.0
SnClF,3.97384,,mp-504519,4,3.0
K4CdAs2,1.37883,-0.403009840571427,mp-29585,4,1.0
NaAuO2,1.9189,-1.081343630344827,mp-20343,4,1.0
ZnSiP2,1.60616,-0.391656841488096,mp-4763,4,1.0
LiCa4(BN2)3,3.19452,-1.316874980773809,mp-6799,4,3.0
Li3LaSb2,0.1614199999999999,-1.041515827499999,mp-8405,4,0.0
BI3,3.21183,-0.347344851041667,mp-23189,4,3.0
Li2SiO3,6.27959,-2.882894919444446,mp-5012,4,6.0
KLi3GeO4,5.12601,-2.234858861361111,mp-18002,4,4.0
Na2PdCl4,1.98228,-1.417687710357142,mp-29359,4,1.0
Si3Ru2,0.4407339999999999,-0.6193566795000011,mp-22192,4,0.0
Al2PdCl8,2.16211,,mp-504547,4,2.0
Na3YBr6,5.58765,-2.008347049913793,mp-29080,4,5.0
HfF4,7.8729,-4.101514556333337,mp-31033,4,7.0
SBr,2.65586,-0.311568478749999,mp-28099,4,2.0
Sr(GaTe2)2,0.697097,-0.884241162857145,mp-6987,4,0.0
KSO2F,4.77837,-2.180598777949999,mp-6560,4,4.0
mp-3518,5.7256800000000005,,mp-3518,4,5.0
KN3,4.97249,-0.221112333750001,mp-827,4,4.0
ZnO2,3.0591399999999997,-1.058444209166666,mp-8484,4,2.0
Zr2P2O9,5.81388,-3.299050528021978,mp-27132,4,5.0
Cs2TiS3,1.81463,-1.621142408357278,mp-3247,4,1.0
CdBr2,3.49042,-1.226167165,mp-27934,4,3.0
Sr3Ga4O9,4.10864,-2.722258815937498,mp-30158,4,3.0
Na4SeO5,2.65333,-1.6840520935361,mp-29871,4,2.0
Sr(InTe2)2,1.20571,-0.966013380000003,mp-20397,4,1.0
Ca3(GeAs2)2,0.978293,-0.9285455169444432,mp-18504,4,0.0
Li4GeS4,2.96547,,mp-510033,4,2.0
NaAuSe2,1.126,-0.6177059851562521,mp-29139,4,1.0
BaNaBi,0.85409,-0.755547202681991,mp-31235,4,0.0
Be4TeO7,2.52981,-2.572461434305555,mp-27608,4,2.0
KCuS,2.90447,-0.921985167416667,mp-28270,4,2.0
AlAgTe2,1.49665,-0.439261488750002,mp-14092,4,1.0
K2CN2,4.64797,-0.615292346999999,mp-10408,4,4.0
Na3NbO4,4.86925,-2.504653314579741,mp-27247,4,4.0
Na4Ge2Te5,1.40045,-0.720424225,mp-28107,4,1.0
Na2SO4,7.10472,-2.205164865751231,mp-4770,4,6.0
BaS,3.08162,-2.329565223749999,mp-1500,4,2.0
AgBr,1.28212,-0.6596210383333321,mp-23231,4,1.0
KRb2GaF6,8.09848,-3.066574973975,mp-13190,4,7.0
SrB4O7,8.55524,-3.016896000138888,mp-5540,4,7.0
LiYO2,5.18812,-3.247456247708332,mp-7020,4,5.0
KBe2BO3F2,7.96057,-3.171410340157407,mp-6870,4,7.0
ZrS2,1.63075,-1.848308684999999,mp-1186,4,1.0
Rb2SnAs2,1.50038,-0.407228313,mp-8931,4,1.0
PtF4,1.87824,-1.375093648,mp-8943,4,1.0
NaNbO3,3.80423,-2.844822765275861,mp-4514,4,3.0
LiAlGe,0.256115,-0.291353459444444,mp-5920,4,0.0
K3BP2,2.5545,-0.539756795783729,mp-9664,4,2.0
Al2S3,3.77305,-1.236182702020833,mp-2654,4,3.0
Pd(SeCl3)2,1.9574,-0.408247119236109,mp-28175,4,1.0
InBF4,5.12963,-2.6812385733333333,mp-8586,4,4.0
Na4FeO3,0.6269640000000001,-1.521574594439655,mp-19026,4,0.0
YBi2IO4,2.18492,-2.308525149375,mp-551816,4,2.0
MgSn(BO3)2,4.63615,-2.712048039833334,mp-11715,4,4.0
Si2CN4,5.25588,-0.807115940714284,mp-30161,4,5.0
K2PdCl4,2.1718800000000003,-1.5471529710714271,mp-22956,4,2.0
Tl2Au4S3,1.70543,-0.408820173796298,mp-29898,4,1.0
BaS2,2.17757,-1.7528733849999991,mp-684,4,2.0
InSbS3,1.87171,-0.522175905687501,mp-21365,4,1.0
HfSnPd,0.226056,-0.782001370000003,mp-11869,4,0.0
KTaO3,3.33643,-3.071587857916669,mp-3614,4,3.0
Na3PS3O,3.78289,-1.493093438910097,mp-11738,4,3.0
Ca2SnO4,3.77346,-2.88604820642857,mp-4747,4,3.0
NaGe2N3,2.97065,-0.383335662729884,mp-14433,4,2.0
K2O,3.71014,-1.233878036499999,mp-971,4,3.0
Al6Cd4TeO12,3.4412800000000003,-2.700609853768116,mp-9535,4,3.0
CaSnF6,7.29353,-3.401542958125,mp-8224,4,7.0
K(MoS)3,1.02408,-0.9324394060267872,mp-8116,4,0.0
LaCuS2,1.71051,-1.686310688906248,mp-4841,4,1.0
K2Pb2O3,2.47868,-1.561408942785709,mp-20694,4,2.0
BaCl2,6.4008400000000005,-2.9614528075,mp-23199,4,6.0
TlF3,2.5292800000000004,-1.974226001249999,mp-2632,4,2.0
Li6MoN4,3.10463,-0.8591241350000001,mp-8804,4,2.0
SbOF,3.88793,-2.200063575208335,mp-7609,4,3.0
GePtSe,0.411059,-0.7084225741145841,mp-20817,4,0.0
SbI3,2.4213,-0.643452289999999,mp-23281,4,2.0
K2MoO4,4.793100000000001,-2.204234955642857,mp-18914,4,4.0
Sr10P6SO24,5.1668400000000005,-3.299625168179442,mp-17447,4,4.0
CdPtF6,2.81955,-2.003090078749999,mp-5858,4,2.0
RuS2,1.20451,-0.687351060208333,mp-2030,4,1.0
Na3PS4,2.93883,-1.119841152347598,mp-28782,4,2.0
Ba(AuF4)2,3.01868,-2.209939348181815,mp-28719,4,2.0
SrBiBrO2,3.93269,-2.337092985000001,mp-552234,4,3.0
Tl2GeSe3,1.47561,-0.611030478949656,mp-14242,4,1.0
PtI3,0.710193,-0.431066994375,mp-28268,4,0.0
Br,1.86005,0.0,mp-23154,4,1.0
CsSrN9,4.5745,-0.161034134431814,mp-29228,4,4.0
Sr2BN2Cl,3.80759,-1.70797250986111,mp-23131,4,3.0
BaZrS3,1.64467,-2.107697715499998,mp-540771,4,1.0
PbCl2,4.50013,-1.308738062500002,mp-23291,4,4.0
AlICl6,2.81656,-1.32499238,mp-27935,4,2.0
Ga2HgS4,1.97717,-0.826619146785716,mp-4809,4,1.0
CaMg2N2,2.71083,-0.9967938875,mp-5795,4,2.0
ReAgO4,3.07885,-1.707686205694444,mp-7094,4,2.0
BBr3,4.64106,-0.927507426041666,mp-23225,4,4.0
NaAlP2O7,6.82203,-2.899156918924092,mp-16777,4,6.0
La2S3,1.52335,-2.508305558187499,mp-7475,4,1.0
SbPbClO2,2.47155,-1.710929169,mp-23138,4,2.0
SrS,3.40493,-2.42499030140625,mp-1087,4,3.0
BaTiF6,6.05023,-3.974811880416666,mp-8291,4,5.0
Li3Sb,1.10749,-0.744135469999999,mp-2074,4,1.0
LiTa3O8,4.54187,-3.251229771277778,mp-7638,4,4.0
CsAl(MoO4)2,4.300800000000001,,mp-542116,4,4.0
CsTa(BO3)2,4.63802,-3.013451491032184,mp-9309,4,4.0
RbLiCl2,6.47212,,mp-504888,4,6.0
YBi2ClO4,2.24311,-2.448777372500001,mp-552604,4,2.0
Mg(ScS2)2,2.462,-2.064758899999999,mp-14307,4,2.0
Fe(SiP)4,1.4082,-0.281895123174603,mp-9198,4,1.0
CsBiF6,3.90611,-2.356596623125002,mp-27422,4,3.0
Rb2Cd(PSe3)2,2.3428899999999997,-0.854305310758928,mp-541897,4,2.0
RbSnI3,2.33654,-1.152261604499999,mp-29405,4,2.0
K3SnSe3,2.04229,-1.194529416611607,mp-541875,4,1.0
Rb2MgF4,8.78801,-3.33899116,mp-8861,4,7.0
MgP4,0.848259,-0.298333085714285,mp-384,4,0.0
CaCl2,6.677,-2.645431978333333,mp-22904,4,6.0
SrLiBO3,5.83175,-2.999272073333333,mp-10814,4,5.0
K2Li3GaO4,4.802989999999999,-2.0522001912,mp-17774,4,4.0
Na3SbSe4,1.5357,-0.8823437045312481,mp-8703,4,1.0
Na2CN2,4.53515,-0.607621109499999,mp-541989,4,4.0
Rb6Ge2O7,4.57641,-1.984542681666666,mp-18224,4,4.0
Ta3I7,0.951337,-0.7386289999500051,mp-23238,4,0.0
Na5SiAs3,1.58126,-0.5586413491666681,mp-18139,4,1.0
CsAgBr2,2.75463,-1.342807492830461,mp-23454,4,2.0
Ba(SbO3)2,3.86482,-2.376879317777779,mp-9127,4,3.0
CuSbSe2,1.01525,-0.248575811406251,mp-20331,4,0.0
MgS,3.98977,-1.66198437625,mp-1315,4,3.0
SiH4,7.42461,-0.0082174205,mp-23739,4,7.0
Rb2HgO2,3.22031,-1.303622809500002,mp-5072,4,3.0
BrNO3,2.80465,-0.5361104965000001,mp-29526,4,2.0
SiP2,1.694,-0.142390731567459,mp-9996,4,1.0
HgI,1.9561,-0.443566703750002,mp-22859,4,1.0
Nb2Se9,1.06347,-0.581150554232953,mp-541106,4,0.0
Sc2(SeO3)3,5.21229,-2.259779550502238,mp-31065,4,5.0
K2Zr3OF12,7.396229999999999,-3.860545978861111,mp-17888,4,7.0
KCdCl3,4.29401,-1.669085436249999,mp-23442,4,4.0
NaMgAs,1.83345,-0.7864752741666661,mp-5962,4,1.0
PdSO4,1.6996099999999998,-1.4070624454166651,mp-28952,4,1.0
Cs2LiVO4,4.46725,-2.365512989705459,mp-541190,4,4.0
Sr2MgSi2O7,6.07719,-3.398849896666666,mp-6564,4,5.0
Na4Br2O,3.75122,-1.678240135788176,mp-28599,4,3.0
KSO4,4.520689999999999,-1.791406417458333,mp-7622,4,4.0
LiAlCl4,6.73849,-1.832061168194443,mp-22983,4,6.0
BaCaSn,0.550145,-0.676116901666669,mp-11265,4,0.0
ZrSe2,0.799049,-1.5805342943749991,mp-2076,4,0.0
Sc2(SO4)3,6.38003,-2.579507954558823,mp-16800,4,6.0
Li3AsO4,5.26602,-2.2690334671875,mp-9197,4,5.0
Tl2O,1.15246,-0.814049282222227,mp-551470,4,1.0
AlAgS2,2.58243,-0.904003048906249,mp-5782,4,2.0
AgI,1.7254,-0.465353343333331,mp-22925,4,1.0
Sr2PbO4,1.98505,-2.4660533835714302,mp-20944,4,1.0
Ba3(GaS3)2,3.3560700000000003,-1.792433225454546,mp-29302,4,3.0
Cs2Li2GeO4,4.97909,-2.102343527330779,mp-8313,4,4.0
Y2NCl3,3.00152,-2.402162087708333,mp-28580,4,2.0
PbSeO4,4.03449,-1.403858754557288,mp-22342,4,3.0
RbIn(MoO4)2,4.57944,-2.078594995347222,mp-504506,4,4.0
KLiSO4,7.25128,-2.302688434726189,mp-6800,4,7.0
LiN3,4.19419,-0.205821525729167,mp-2659,4,4.0
Ca2Pt3O8,1.51399,-1.801438142307686,mp-8710,4,1.0
Si3P2Pt,0.643236,-0.455723195158732,mp-29157,4,0.0
VInO4,3.5854899999999996,,mp-25113,4,3.0
ScN,0.918939,-2.092353565,mp-2857,4,0.0
KSbO3,3.72965,-2.049127173449997,mp-547792,4,3.0
GaPS4,2.9918400000000003,-0.506497706954365,mp-30979,4,2.0
AsSeI,1.57607,-0.451247006614581,mp-505373,4,1.0
CdSe2O5,3.63634,-1.326093619960942,mp-9178,4,3.0
NaZnF3,5.4551099999999995,-2.755012105000001,mp-3795,4,5.0
RbAu,1.9059,-0.27381589375,mp-30373,4,1.0
NaGaO2,4.1211400000000005,-2.216683605344827,mp-3338,4,3.0
KClO4,7.26996,-1.083206086625002,mp-23526,4,7.0
BaNb2O6,3.71441,-3.216098964999999,mp-28150,4,3.0
CsAlO2,5.71208,-2.846654709913793,mp-14069,4,5.0
Ba2BiSbO6,2.393,-2.453007172999998,mp-23127,4,2.0
K2Se3,1.03348,-1.073890771306249,mp-7670,4,0.0
NaNbN2,1.3788399999999998,-0.884141047844828,mp-7017,4,1.0
MnP4,0.75333,-0.358630176300491,mp-487,4,0.0
Si3(BiO3)4,4.70664,-2.464400844999974,mp-23331,4,4.0
HgPS3,2.16411,-0.485285830928573,mp-27178,4,2.0
GaAsO4,4.20151,-1.9393015047222224,mp-3996,4,4.0
Ta2ZnO6,4.26478,-2.9919900877407413,mp-17765,4,4.0
Ba3Nb2O8,5.70634,-3.259985623076924,mp-542201,4,5.0
BaZnO2,3.23963,-2.3654240366666652,mp-4236,4,3.0
Li10BrN3,2.05492,-0.6631821730952381,mp-28989,4,1.0
RhCl3,1.98698,-0.784634455624997,mp-27770,4,1.0
Ca3VN3,1.474,-1.267555982321429,mp-9029,4,1.0
CsCdBr3,3.51782,-1.585478883931036,mp-541899,4,3.0
Ba2SiO4,6.08002,-3.361976853214285,mp-17612,4,5.0
PbS,1.07862,-0.7840503037499971,mp-21276,4,0.0
Y2Be2GeO7,5.78335,-3.264689292916665,mp-541040,4,5.0
CsBe2BO3F2,7.733029999999999,-3.165793868202426,mp-553342,4,7.0
La3AgSnS7,2.49854,-1.793557752847222,mp-542888,4,2.0
BiSCl,2.46015,-0.7342089301041691,mp-23318,4,2.0
Mg2GeS4,2.81808,-1.260924230357142,mp-17441,4,2.0
Be2Te7Cl6,1.4953,,mp-505788,4,1.0
VBiO4,2.92985,,mp-613172,4,2.0
LiNO3,3.95343,-1.3867624986666651,mp-8180,4,3.0
Ba(AuO2)2,1.85029,-1.445636781428571,mp-9297,4,1.0
CaMg(CO3)2,6.4348,-2.5687827805,mp-6459,4,6.0
Sr(AlSe2)2,3.627,-1.473838570178571,mp-8422,4,3.0
Na5GeAs3,1.12808,-0.52681698,mp-16861,4,1.0
ZnSe,1.51425,-0.951561031171876,mp-1190,4,1.0
Ba(AgS)2,1.46731,-1.063721045666665,mp-8579,4,1.0
Mg2BO3F,6.04601,-3.212177184880952,mp-7995,4,5.0
Na3In2(PO4)3,4.44359,-2.544070799319991,mp-17349,4,4.0
Bi2Pt2O7,1.03018,-1.330811493636362,mp-23341,4,0.0
CdTe,0.860726,-0.5607400050000031,mp-406,4,0.0
Sr2InI5,3.35844,-1.588068161458333,mp-23504,4,3.0
ScCl3,5.1208800000000005,-2.343001440624999,mp-23309,4,4.0
KSbO2,2.68748,-1.881456438062499,mp-10417,4,2.0
LiCuO2,0.92258,-1.450581410833332,mp-9158,4,0.0
Ba3NaTaO6,4.9074,-3.078000449882968,mp-8961,4,4.0
Cs6Fe2O5,0.19775,,mp-541385,4,0.0
K4ZnP2,1.92525,-0.513500549421768,mp-11719,4,1.0
PbSe,0.946387,,mp-20667,4,0.0
KSb,1.17885,-0.571137408125,mp-1536,4,1.0
K3InP2,1.79321,-0.357505529617063,mp-20256,4,1.0
Sc2S3,1.77767,-2.171633972687499,mp-401,4,1.0
CsBiO2,3.19476,-1.674317142413794,mp-29506,4,3.0
Zr(PS3)2,2.1365100000000004,-0.994318786031744,mp-8203,4,2.0
KAuSe2,1.23481,-0.8170831492343761,mp-29138,4,1.0
BiIO,2.10662,-1.334933545,mp-22987,4,1.0
CsZrCuSe3,0.8399829999999999,-1.355285959447736,mp-7152,4,0.0
AlP,1.92789,-0.737248783988095,mp-1550,4,1.0
Tl3BS3,1.8904,,mp-505399,4,1.0
I2O5,3.3380300000000003,-0.7564620653571411,mp-23261,4,3.0
YCl3,6.26098,-2.531578373124999,mp-27455,4,6.0
K2PAu,1.60638,-0.595615487619046,mp-9687,4,1.0
LaCuSeO,2.27291,-2.314142779335937,mp-552488,4,2.0
CaSbAu,0.117994,-0.8008058683333311,mp-16245,4,0.0
Hg3(SF)2,2.44196,-1.022654033928574,mp-7580,4,2.0
TlBr,2.81188,-1.146381539166675,mp-22875,4,2.0
SeO2,4.10701,-1.154143574114583,mp-726,4,3.0
Bi2SeO2,1.06467,-1.351369364468753,mp-552098,4,0.0
Ca2NCl,1.53847,-1.796587630312501,mp-22936,4,1.0
RbBr,5.550520000000001,-2.02858637625,mp-22867,4,5.0
K4Be3O5,5.183979999999999,-2.301597747416666,mp-28158,4,5.0
Rb2Ti(CuS2)2,2.31775,-1.2763960803703711,mp-7129,4,2.0
CdSnF6,5.31337,-2.601074608750001,mp-13907,4,5.0
